#ifndef _BINARY_ROBOTOVARIABLEFONT_WDTHWGHT_TTF_H_
#define _BINARY_ROBOTOVARIABLEFONT_WDTHWGHT_TTF_H_

// Original File: Roboto-VariableFont_wdth,wght.ttf
// Size: 18152 bytes
const unsigned char robotovariablefont_wdthwght_ttf_data[18152] = {
  0x4F, 0x54, 0x54, 0x4F, 0x00, 0x09, 0x00, 0x80, 0x00, 0x03, 0x00, 0x10, 
  0x43, 0x46, 0x46, 0x20, 0xAB, 0xEE, 0x1E, 0x5A, 0x00, 0x00, 0x07, 0x04, 
  0x00, 0x00, 0x3E, 0x62, 0x4F, 0x53, 0x2F, 0x32, 0x72, 0x67, 0x6B, 0x78, 
  0x00, 0x00, 0x01, 0x00, 0x00, 0x00, 0x00, 0x60, 0x63, 0x6D, 0x61, 0x70, 
  0x18, 0x67, 0x1B, 0x89, 0x00, 0x00, 0x03, 0xC8, 0x00, 0x00, 0x03, 0x1C, 
  0x68, 0x65, 0x61, 0x64, 0x30, 0x8F, 0xC0, 0x92, 0x00, 0x00, 0x00, 0x9C, 
  0x00, 0x00, 0x00, 0x36, 0x68, 0x68, 0x65, 0x61, 0x0F, 0x13, 0x05, 0x99, 
  0x00, 0x00, 0x00, 0xD4, 0x00, 0x00, 0x00, 0x24, 0x68, 0x6D, 0x74, 0x78, 
  0x88, 0x35, 0x25, 0x30, 0x00, 0x00, 0x45, 0x68, 0x00, 0x00, 0x01, 0x80, 
  0x6D, 0x61, 0x78, 0x70, 0x00, 0x60, 0x50, 0x00, 0x00, 0x00, 0x00, 0xF8, 
  0x00, 0x00, 0x00, 0x06, 0x6E, 0x61, 0x6D, 0x65, 0x7E, 0x42, 0xBD, 0xE1, 
  0x00, 0x00, 0x01, 0x60, 0x00, 0x00, 0x02, 0x67, 0x70, 0x6F, 0x73, 0x74, 
  0x00, 0x03, 0x00, 0x00, 0x00, 0x00, 0x06, 0xE4, 0x00, 0x00, 0x00, 0x20, 
  0x00, 0x01, 0x00, 0x00, 0x00, 0x01, 0x00, 0x00, 0xEC, 0x66, 0x10, 0x40, 
  0x5F, 0x0F, 0x3C, 0xF5, 0x00, 0x03, 0x08, 0x00, 0x00, 0x00, 0x00, 0x00, 
  0xE5, 0x66, 0xBB, 0x6A, 0x00, 0x00, 0x00, 0x00, 0xE5, 0x66, 0xBB, 0x6A, 
  0xFF, 0xBE, 0xFE, 0x2A, 0x06, 0xED, 0x06, 0x9C, 0x00, 0x00, 0x00, 0x03, 
  0x00, 0x02, 0x00, 0x00, 0x00, 0x00, 0x00, 0x00, 0x00, 0x01, 0x00, 0x00, 
  0x07, 0x6C, 0xFE, 0x0C, 0x00, 0x00, 0x07, 0x2F, 0xFF, 0xBE, 0xFF, 0xFD, 
  0x07, 0xE6, 0x00, 0x01, 0x00, 0x00, 0x00, 0x00, 0x00, 0x00, 0x00, 0x00, 
  0x00, 0x00, 0x00, 0x00, 0x00, 0x00, 0x00, 0x60, 0x00, 0x00, 0x50, 0x00, 
  0x00, 0x60, 0x00, 0x00, 0x00, 0x03, 0x04, 0x16, 0x01, 0xF4, 0x00, 0x05, 
  0x00, 0x00, 0x02, 0x8A, 0x02, 0xBB, 0x00, 0x00, 0x00, 0x8C, 0x02, 0x8A, 
  0x02, 0xBB, 0x00, 0x00, 0x01, 0xDF, 0x00, 0x31, 0x01, 0x02, 0x00, 0x00, 
  0x00, 0x00, 0x00, 0x00, 0x00, 0x00, 0x00, 0x00, 0x00, 0x00, 0x00, 0x00, 
  0x00, 0x01, 0x00, 0x00, 0x00, 0x00, 0x00, 0x00, 0x00, 0x00, 0x00, 0x00, 
  0x00, 0x00, 0x58, 0x58, 0x58, 0x58, 0x00, 0x40, 0x00, 0x20, 0x00, 0x7E, 
  0x07, 0x6C, 0xFE, 0x0C, 0x00, 0x00, 0x06, 0x9C, 0x01, 0xD6, 0x00, 0x00, 
  0x00, 0x01, 0x00, 0x00, 0x00, 0x00, 0x04, 0x3A, 0x05, 0xB0, 0x00, 0x20, 
  0x00, 0x20, 0x00, 0x00, 0x00, 0x00, 0x00, 0x22, 0x01, 0x9E, 0x00, 0x01, 
  0x00, 0x00, 0x00, 0x00, 0x00, 0x00, 0x00, 0x01, 0x00, 0x2D, 0x00, 0x01, 
  0x00, 0x00, 0x00, 0x00, 0x00, 0x01, 0x00, 0x06, 0x00, 0x00, 0x00, 0x01, 
  0x00, 0x00, 0x00, 0x00, 0x00, 0x02, 0x00, 0x07, 0x00, 0x12, 0x00, 0x01, 
  0x00, 0x00, 0x00, 0x00, 0x00, 0x03, 0x00, 0x10, 0x00, 0x99, 0x00, 0x01, 
  0x00, 0x00, 0x00, 0x00, 0x00, 0x04, 0x00, 0x0E, 0x00, 0x27, 0x00, 0x01, 
  0x00, 0x00, 0x00, 0x00, 0x00, 0x05, 0x00, 0x0B, 0x00, 0x78, 0x00, 0x01, 
  0x00, 0x00, 0x00, 0x00, 0x00, 0x06, 0x00, 0x0D, 0x00, 0x51, 0x00, 0x01, 
  0x00, 0x00, 0x00, 0x00, 0x00, 0x07, 0x00, 0x01, 0x00, 0x2D, 0x00, 0x01, 
  0x00, 0x00, 0x00, 0x00, 0x00, 0x08, 0x00, 0x01, 0x00, 0x2D, 0x00, 0x01, 
  0x00, 0x00, 0x00, 0x00, 0x00, 0x09, 0x00, 0x01, 0x00, 0x2D, 0x00, 0x01, 
  0x00, 0x00, 0x00, 0x00, 0x00, 0x0A, 0x00, 0x01, 0x00, 0x2D, 0x00, 0x01, 
  0x00, 0x00, 0x00, 0x00, 0x00, 0x0B, 0x00, 0x01, 0x00, 0x2D, 0x00, 0x01, 
  0x00, 0x00, 0x00, 0x00, 0x00, 0x0C, 0x00, 0x01, 0x00, 0x2D, 0x00, 0x01, 
  0x00, 0x00, 0x00, 0x00, 0x00, 0x0D, 0x00, 0x01, 0x00, 0x2D, 0x00, 0x01, 
  0x00, 0x00, 0x00, 0x00, 0x00, 0x0E, 0x00, 0x01, 0x00, 0x2D, 0x00, 0x01, 
  0x00, 0x00, 0x00, 0x00, 0x00, 0x10, 0x00, 0x06, 0x00, 0x00, 0x00, 0x01, 
  0x00, 0x00, 0x00, 0x00, 0x00, 0x11, 0x00, 0x07, 0x00, 0x12, 0x00, 0x03, 
  0x00, 0x01, 0x04, 0x09, 0x00, 0x00, 0x00, 0x02, 0x00, 0x41, 0x00, 0x03, 
  0x00, 0x01, 0x04, 0x09, 0x00, 0x01, 0x00, 0x0C, 0x00, 0x06, 0x00, 0x03, 
  0x00, 0x01, 0x04, 0x09, 0x00, 0x02, 0x00, 0x0E, 0x00, 0x19, 0x00, 0x03, 
  0x00, 0x01, 0x04, 0x09, 0x00, 0x03, 0x00, 0x20, 0x00, 0xA9, 0x00, 0x03, 
  0x00, 0x01, 0x04, 0x09, 0x00, 0x04, 0x00, 0x1C, 0x00, 0x35, 0x00, 0x03, 
  0x00, 0x01, 0x04, 0x09, 0x00, 0x05, 0x00, 0x16, 0x00, 0x83, 0x00, 0x03, 
  0x00, 0x01, 0x04, 0x09, 0x00, 0x06, 0x00, 0x1A, 0x00, 0x5E, 0x00, 0x03, 
  0x00, 0x01, 0x04, 0x09, 0x00, 0x07, 0x00, 0x02, 0x00, 0x41, 0x00, 0x03, 
  0x00, 0x01, 0x04, 0x09, 0x00, 0x08, 0x00, 0x02, 0x00, 0x41, 0x00, 0x03, 
  0x00, 0x01, 0x04, 0x09, 0x00, 0x09, 0x00, 0x02, 0x00, 0x41, 0x00, 0x03, 
  0x00, 0x01, 0x04, 0x09, 0x00, 0x0A, 0x00, 0x02, 0x00, 0x41, 0x00, 0x03, 
  0x00, 0x01, 0x04, 0x09, 0x00, 0x0B, 0x00, 0x02, 0x00, 0x41, 0x00, 0x03, 
  0x00, 0x01, 0x04, 0x09, 0x00, 0x0C, 0x00, 0x02, 0x00, 0x41, 0x00, 0x03, 
  0x00, 0x01, 0x04, 0x09, 0x00, 0x0D, 0x00, 0x02, 0x00, 0x41, 0x00, 0x03, 
  0x00, 0x01, 0x04, 0x09, 0x00, 0x0E, 0x00, 0x02, 0x00, 0x41, 0x00, 0x03, 
  0x00, 0x01, 0x04, 0x09, 0x00, 0x10, 0x00, 0x0C, 0x00, 0x06, 0x00, 0x03, 
  0x00, 0x01, 0x04, 0x09, 0x00, 0x11, 0x00, 0x0E, 0x00, 0x19, 0x52, 0x6F, 
  0x62, 0x6F, 0x74, 0x6F, 0x00, 0x52, 0x00, 0x6F, 0x00, 0x62, 0x00, 0x6F, 
  0x00, 0x74, 0x00, 0x6F, 0x52, 0x65, 0x67, 0x75, 0x6C, 0x61, 0x72, 0x00, 
  0x52, 0x00, 0x65, 0x00, 0x67, 0x00, 0x75, 0x00, 0x6C, 0x00, 0x61, 0x00, 
  0x72, 0x52, 0x6F, 0x62, 0x6F, 0x74, 0x6F, 0x20, 0x52, 0x65, 0x67, 0x75, 
  0x6C, 0x61, 0x72, 0x00, 0x52, 0x00, 0x6F, 0x00, 0x62, 0x00, 0x6F, 0x00, 
  0x74, 0x00, 0x6F, 0x00, 0x20, 0x00, 0x52, 0x00, 0x65, 0x00, 0x67, 0x00, 
  0x75, 0x00, 0x6C, 0x00, 0x61, 0x00, 0x72, 0x52, 0x6F, 0x62, 0x6F, 0x74, 
  0x6F, 0x52, 0x65, 0x67, 0x75, 0x6C, 0x61, 0x72, 0x00, 0x52, 0x00, 0x6F, 
  0x00, 0x62, 0x00, 0x6F, 0x00, 0x74, 0x00, 0x6F, 0x00, 0x52, 0x00, 0x65, 
  0x00, 0x67, 0x00, 0x75, 0x00, 0x6C, 0x00, 0x61, 0x00, 0x72, 0x56, 0x65, 
  0x72, 0x73, 0x69, 0x6F, 0x6E, 0x20, 0x30, 0x2E, 0x31, 0x00, 0x56, 0x00, 
  0x65, 0x00, 0x72, 0x00, 0x73, 0x00, 0x69, 0x00, 0x6F, 0x00, 0x6E, 0x00, 
  0x20, 0x00, 0x30, 0x00, 0x2E, 0x00, 0x31, 0x20, 0x3A, 0x52, 0x6F, 0x62, 
  0x6F, 0x74, 0x6F, 0x20, 0x52, 0x65, 0x67, 0x75, 0x6C, 0x61, 0x72, 0x00, 
  0x20, 0x00, 0x3A, 0x00, 0x52, 0x00, 0x6F, 0x00, 0x62, 0x00, 0x6F, 0x00, 
  0x74, 0x00, 0x6F, 0x00, 0x20, 0x00, 0x52, 0x00, 0x65, 0x00, 0x67, 0x00, 
  0x75, 0x00, 0x6C, 0x00, 0x61, 0x00, 0x72, 0x00, 0x00, 0x00, 0x00, 0x01, 
  0x00, 0x03, 0x00, 0x01, 0x00, 0x00, 0x00, 0x0C, 0x00, 0x04, 0x03, 0x10, 
  0x00, 0x00, 0x00, 0xC0, 0x00, 0x80, 0x00, 0x06, 0x00, 0x40, 0x00, 0x20, 
  0x00, 0x21, 0x00, 0x22, 0x00, 0x23, 0x00, 0x24, 0x00, 0x25, 0x00, 0x26, 
  0x00, 0x27, 0x00, 0x28, 0x00, 0x29, 0x00, 0x2A, 0x00, 0x2B, 0x00, 0x2C, 
  0x00, 0x2D, 0x00, 0x2E, 0x00, 0x2F, 0x00, 0x30, 0x00, 0x31, 0x00, 0x32, 
  0x00, 0x33, 0x00, 0x34, 0x00, 0x35, 0x00, 0x36, 0x00, 0x37, 0x00, 0x38, 
  0x00, 0x39, 0x00, 0x3A, 0x00, 0x3B, 0x00, 0x3C, 0x00, 0x3D, 0x00, 0x3E, 
  0x00, 0x3F, 0x00, 0x40, 0x00, 0x41, 0x00, 0x42, 0x00, 0x43, 0x00, 0x44, 
  0x00, 0x45, 0x00, 0x46, 0x00, 0x47, 0x00, 0x48, 0x00, 0x49, 0x00, 0x4A, 
  0x00, 0x4B, 0x00, 0x4C, 0x00, 0x4D, 0x00, 0x4E, 0x00, 0x4F, 0x00, 0x50, 
  0x00, 0x51, 0x00, 0x52, 0x00, 0x53, 0x00, 0x54, 0x00, 0x55, 0x00, 0x56, 
  0x00, 0x57, 0x00, 0x58, 0x00, 0x59, 0x00, 0x5A, 0x00, 0x5B, 0x00, 0x5C, 
  0x00, 0x5D, 0x00, 0x5E, 0x00, 0x5F, 0x00, 0x60, 0x00, 0x61, 0x00, 0x62, 
  0x00, 0x63, 0x00, 0x64, 0x00, 0x65, 0x00, 0x66, 0x00, 0x67, 0x00, 0x68, 
  0x00, 0x69, 0x00, 0x6A, 0x00, 0x6B, 0x00, 0x6C, 0x00, 0x6D, 0x00, 0x6E, 
  0x00, 0x6F, 0x00, 0x70, 0x00, 0x71, 0x00, 0x72, 0x00, 0x73, 0x00, 0x74, 
  0x00, 0x75, 0x00, 0x76, 0x00, 0x77, 0x00, 0x78, 0x00, 0x79, 0x00, 0x7A, 
  0x00, 0x7B, 0x00, 0x7C, 0x00, 0x7D, 0x00, 0x7E, 0xFF, 0xFF, 0x00, 0x00, 
  0x00, 0x20, 0x00, 0x21, 0x00, 0x22, 0x00, 0x23, 0x00, 0x24, 0x00, 0x25, 
  0x00, 0x26, 0x00, 0x27, 0x00, 0x28, 0x00, 0x29, 0x00, 0x2A, 0x00, 0x2B, 
  0x00, 0x2C, 0x00, 0x2D, 0x00, 0x2E, 0x00, 0x2F, 0x00, 0x30, 0x00, 0x31, 
  0x00, 0x32, 0x00, 0x33, 0x00, 0x34, 0x00, 0x35, 0x00, 0x36, 0x00, 0x37, 
  0x00, 0x38, 0x00, 0x39, 0x00, 0x3A, 0x00, 0x3B, 0x00, 0x3C, 0x00, 0x3D, 
  0x00, 0x3E, 0x00, 0x3F, 0x00, 0x40, 0x00, 0x41, 0x00, 0x42, 0x00, 0x43, 
  0x00, 0x44, 0x00, 0x45, 0x00, 0x46, 0x00, 0x47, 0x00, 0x48, 0x00, 0x49, 
  0x00, 0x4A, 0x00, 0x4B, 0x00, 0x4C, 0x00, 0x4D, 0x00, 0x4E, 0x00, 0x4F, 
  0x00, 0x50, 0x00, 0x51, 0x00, 0x52, 0x00, 0x53, 0x00, 0x54, 0x00, 0x55, 
  0x00, 0x56, 0x00, 0x57, 0x00, 0x58, 0x00, 0x59, 0x00, 0x5A, 0x00, 0x5B, 
  0x00, 0x5C, 0x00, 0x5D, 0x00, 0x5E, 0x00, 0x5F, 0x00, 0x60, 0x00, 0x61, 
  0x00, 0x62, 0x00, 0x63, 0x00, 0x64, 0x00, 0x65, 0x00, 0x66, 0x00, 0x67, 
  0x00, 0x68, 0x00, 0x69, 0x00, 0x6A, 0x00, 0x6B, 0x00, 0x6C, 0x00, 0x6D, 
  0x00, 0x6E, 0x00, 0x6F, 0x00, 0x70, 0x00, 0x71, 0x00, 0x72, 0x00, 0x73, 
  0x00, 0x74, 0x00, 0x75, 0x00, 0x76, 0x00, 0x77, 0x00, 0x78, 0x00, 0x79, 
  0x00, 0x7A, 0x00, 0x7B, 0x00, 0x7C, 0x00, 0x7D, 0x00, 0x7E, 0xFF, 0xFF, 
  0xFF, 0xE1, 0x00, 0x1F, 0x00, 0x1F, 0x00, 0x1F, 0x00, 0x1F, 0x00, 0x1F, 
  0x00, 0x1F, 0x00, 0x1F, 0x00, 0x1F, 0x00, 0x1F, 0x00, 0x1F, 0x00, 0x1F, 
  0x00, 0x1F, 0x00, 0x1F, 0x00, 0x1F, 0x00, 0x1F, 0xFF, 0xD2, 0xFF, 0xD2, 
  0xFF, 0xD2, 0xFF, 0xD2, 0xFF, 0xD2, 0xFF, 0xD2, 0xFF, 0xD2, 0xFF, 0xD2, 
  0xFF, 0xD2, 0xFF, 0xD2, 0x00, 0x15, 0x00, 0x15, 0x00, 0x15, 0x00, 0x15, 
  0x00, 0x15, 0x00, 0x15, 0x00, 0x15, 0xFF, 0xCB, 0xFF, 0xCB, 0xFF, 0xCB, 
  0xFF, 0xCB, 0xFF, 0xCB, 0xFF, 0xCB, 0xFF, 0xCB, 0xFF, 0xCB, 0xFF, 0xCB, 
  0xFF, 0xCB, 0xFF, 0xCB, 0xFF, 0xCB, 0xFF, 0xCB, 0xFF, 0xCB, 0xFF, 0xCB, 
  0xFF, 0xCB, 0xFF, 0xCB, 0xFF, 0xCB, 0xFF, 0xCB, 0xFF, 0xCB, 0xFF, 0xCB, 
  0xFF, 0xCB, 0xFF, 0xCB, 0xFF, 0xCB, 0xFF, 0xCB, 0xFF, 0xCB, 0xFF, 0xFB, 
  0xFF, 0xFB, 0xFF, 0xFB, 0xFF, 0xFB, 0xFF, 0xFB, 0xFF, 0xFB, 0xFF, 0xC5, 
  0xFF, 0xC5, 0xFF, 0xC5, 0xFF, 0xC5, 0xFF, 0xC5, 0xFF, 0xC5, 0xFF, 0xC5, 
  0xFF, 0xC5, 0xFF, 0xC5, 0xFF, 0xC5, 0xFF, 0xC5, 0xFF, 0xC5, 0xFF, 0xC5, 
  0xFF, 0xC5, 0xFF, 0xC5, 0xFF, 0xC5, 0xFF, 0xC5, 0xFF, 0xC5, 0xFF, 0xC5, 
  0xFF, 0xC5, 0xFF, 0xC5, 0xFF, 0xC5, 0xFF, 0xC5, 0xFF, 0xC5, 0xFF, 0xC5, 
  0xFF, 0xC5, 0xFF, 0xE1, 0xFF, 0xE1, 0xFF, 0xE1, 0xFF, 0xE1, 0x00, 0x01, 
  0x00, 0x00, 0x00, 0x00, 0x00, 0x00, 0x00, 0x00, 0x00, 0x00, 0x00, 0x00, 
  0x00, 0x00, 0x00, 0x00, 0x00, 0x00, 0x00, 0x00, 0x00, 0x00, 0x00, 0x00, 
  0x00, 0x00, 0x00, 0x00, 0x00, 0x00, 0x00, 0x00, 0x00, 0x00, 0x00, 0x00, 
  0x00, 0x00, 0x00, 0x00, 0x00, 0x00, 0x00, 0x00, 0x00, 0x00, 0x00, 0x00, 
  0x00, 0x00, 0x00, 0x00, 0x00, 0x00, 0x00, 0x00, 0x00, 0x00, 0x00, 0x00, 
  0x00, 0x00, 0x00, 0x00, 0x00, 0x00, 0x00, 0x00, 0x00, 0x00, 0x00, 0x00, 
  0x00, 0x00, 0x00, 0x00, 0x00, 0x00, 0x00, 0x00, 0x00, 0x00, 0x00, 0x00, 
  0x00, 0x00, 0x00, 0x00, 0x00, 0x00, 0x00, 0x00, 0x00, 0x00, 0x00, 0x00, 
  0x00, 0x00, 0x00, 0x00, 0x00, 0x00, 0x00, 0x00, 0x00, 0x00, 0x00, 0x00, 
  0x00, 0x00, 0x00, 0x00, 0x00, 0x00, 0x00, 0x00, 0x00, 0x00, 0x00, 0x00, 
  0x00, 0x00, 0x00, 0x00, 0x00, 0x00, 0x00, 0x00, 0x00, 0x00, 0x00, 0x00, 
  0x00, 0x00, 0x00, 0x00, 0x00, 0x00, 0x00, 0x00, 0x00, 0x00, 0x00, 0x00, 
  0x00, 0x00, 0x00, 0x00, 0x00, 0x00, 0x00, 0x00, 0x00, 0x00, 0x00, 0x00, 
  0x00, 0x00, 0x00, 0x00, 0x00, 0x00, 0x00, 0x00, 0x00, 0x00, 0x00, 0x00, 
  0x00, 0x00, 0x00, 0x00, 0x00, 0x00, 0x00, 0x00, 0x00, 0x00, 0x00, 0x00, 
  0x00, 0x00, 0x00, 0x00, 0x00, 0x00, 0x00, 0x00, 0x00, 0x00, 0x00, 0x00, 
  0x00, 0x03, 0x00, 0x00, 0x00, 0x00, 0x00, 0x00, 0x00, 0x00, 0x00, 0x00, 
  0x00, 0x00, 0x00, 0x00, 0x00, 0x00, 0x00, 0x00, 0x00, 0x00, 0x00, 0x00, 
  0x00, 0x00, 0x00, 0x00, 0x00, 0x00, 0x00, 0x00, 0x01, 0x00, 0x04, 0x01, 
  0x00, 0x01, 0x01, 0x01, 0x0E, 0x52, 0x6F, 0x62, 0x6F, 0x74, 0x6F, 0x52, 
  0x65, 0x67, 0x75, 0x6C, 0x61, 0x72, 0x00, 0x01, 0x01, 0x01, 0x44, 0xF8, 
  0x1B, 0x00, 0xF8, 0x1C, 0x02, 0xF8, 0x1D, 0x03, 0xF8, 0x1E, 0x04, 0x8B, 
  0xFC, 0x6A, 0x1C, 0x07, 0x6C, 0x1C, 0x07, 0x2F, 0x05, 0x1D, 0x00, 0x00, 
  0x00, 0x8F, 0x0F, 0x1D, 0x00, 0x00, 0x01, 0x4E, 0x11, 0x8B, 0x1D, 0x00, 
  0x00, 0x3E, 0x62, 0x12, 0x1E, 0x0A, 0x00, 0x04, 0x88, 0x28, 0x12, 0x5F, 
  0x1E, 0x0F, 0x1E, 0x0F, 0x1E, 0x0A, 0x00, 0x04, 0x88, 0x28, 0x12, 0x5F, 
  0x1E, 0x0F, 0x1E, 0x0F, 0x0C, 0x07, 0x00, 0x05, 0x01, 0x01, 0x0C, 0x1A, 
  0x20, 0x27, 0x27, 0x56, 0x65, 0x72, 0x73, 0x69, 0x6F, 0x6E, 0x20, 0x30, 
  0x2E, 0x31, 0x52, 0x6F, 0x62, 0x6F, 0x74, 0x6F, 0x20, 0x52, 0x65, 0x67, 
  0x75, 0x6C, 0x61, 0x72, 0x52, 0x6F, 0x62, 0x6F, 0x74, 0x6F, 0x52, 0x65, 
  0x67, 0x75, 0x6C, 0x61, 0x72, 0x00, 0x00, 0x00, 0x01, 0x8B, 0x01, 0x8B, 
  0x01, 0x8B, 0x01, 0x8B, 0x01, 0x8B, 0x01, 0x8B, 0x01, 0x8B, 0x01, 0x8B, 
  0x01, 0x8B, 0x01, 0x8B, 0x01, 0x8B, 0x01, 0x8B, 0x01, 0x8B, 0x01, 0x8B, 
  0x01, 0x8B, 0x01, 0x8B, 0x01, 0x8B, 0x01, 0x8B, 0x01, 0x8B, 0x01, 0x8B, 
  0x01, 0x8B, 0x01, 0x8B, 0x01, 0x8B, 0x01, 0x8B, 0x01, 0x8B, 0x01, 0x8B, 
  0x01, 0x8B, 0x01, 0x8B, 0x01, 0x8B, 0x01, 0x8B, 0x01, 0x8B, 0x01, 0x8B, 
  0x01, 0x8B, 0x01, 0x8B, 0x01, 0x8B, 0x01, 0x8B, 0x01, 0x8B, 0x01, 0x8B, 
  0x01, 0x8B, 0x01, 0x8B, 0x01, 0x8B, 0x01, 0x8B, 0x01, 0x8B, 0x01, 0x8B, 
  0x01, 0x8B, 0x01, 0x8B, 0x01, 0x8B, 0x01, 0x8B, 0x01, 0x8B, 0x01, 0x8B, 
  0x01, 0x8B, 0x01, 0x8B, 0x01, 0x8B, 0x01, 0x8B, 0x01, 0x8B, 0x01, 0x8B, 
  0x01, 0x8B, 0x01, 0x8B, 0x01, 0x8B, 0x01, 0x8B, 0x01, 0x8B, 0x01, 0x8B, 
  0x01, 0x8B, 0x01, 0x8B, 0x01, 0x8B, 0x01, 0x8B, 0x01, 0x8B, 0x01, 0x8B, 
  0x01, 0x8B, 0x01, 0x8B, 0x01, 0x8B, 0x01, 0x8B, 0x01, 0x8B, 0x01, 0x8B, 
  0x01, 0x8B, 0x01, 0x8B, 0x01, 0x8B, 0x01, 0x8B, 0x01, 0x8B, 0x01, 0x8B, 
  0x01, 0x8B, 0x01, 0x8B, 0x01, 0x8B, 0x01, 0x8B, 0x01, 0x8B, 0x01, 0x8B, 
  0x01, 0x8B, 0x01, 0x8B, 0x01, 0x8B, 0x01, 0x8B, 0x01, 0x8B, 0x01, 0x8B, 
  0x01, 0x8B, 0x01, 0x8B, 0x01, 0x8B, 0x00, 0x60, 0x02, 0x00, 0x01, 0x00, 
  0x82, 0x00, 0x85, 0x01, 0xB9, 0x01, 0xE2, 0x02, 0xA0, 0x04, 0x09, 0x04, 
  0x4C, 0x05, 0x46, 0x06, 0x95, 0x06, 0xBD, 0x08, 0x5A, 0x09, 0xB4, 0x0A, 
  0x09, 0x0B, 0x1E, 0x0C, 0x15, 0x0C, 0xC8, 0x0D, 0x22, 0x0D, 0x67, 0x0E, 
  0x70, 0x0E, 0xB6, 0x0E, 0xD1, 0x0F, 0x49, 0x0F, 0x9E, 0x0F, 0xCE, 0x10, 
  0x2E, 0x10, 0x64, 0x11, 0x7A, 0x12, 0x07, 0x13, 0x34, 0x13, 0xDB, 0x15, 
  0x45, 0x15, 0x75, 0x15, 0xF8, 0x16, 0x36, 0x16, 0xB3, 0x16, 0xF4, 0x17, 
  0x25, 0x17, 0x74, 0x18, 0xD1, 0x19, 0xF6, 0x1A, 0xE8, 0x1C, 0x0D, 0x1D, 
  0x0C, 0x1D, 0x8E, 0x1F, 0x0B, 0x1F, 0xAF, 0x20, 0x0F, 0x20, 0xC4, 0x21, 
  0x17, 0x21, 0x32, 0x22, 0x60, 0x23, 0x04, 0x24, 0x14, 0x25, 0x3B, 0x26, 
  0x61, 0x26, 0xE8, 0x28, 0x34, 0x28, 0xB2, 0x29, 0x55, 0x29, 0x8D, 0x2A, 
  0x04, 0x2A, 0x43, 0x2A, 0xD6, 0x2B, 0x21, 0x2B, 0x83, 0x2B, 0xC0, 0x2C, 
  0x1D, 0x2D, 0x95, 0x2F, 0x58, 0x30, 0xE8, 0x31, 0x08, 0x31, 0xA6, 0x32, 
  0x44, 0x32, 0x8E, 0x32, 0xBB, 0x32, 0xFB, 0x33, 0x12, 0x33, 0x5D, 0x33, 
  0x7A, 0x34, 0x0D, 0x34, 0x95, 0x34, 0xCD, 0x34, 0xF9, 0x35, 0x32, 0x36, 
  0x44, 0x38, 0xD0, 0x38, 0xFB, 0x39, 0x17, 0x39, 0x42, 0x39, 0x7C, 0x39, 
  0x92, 0x39, 0xAC, 0x3A, 0x8C, 0x3A, 0xA7, 0x3B, 0x8D, 0x3C, 0x50, 0xFA, 
  0x20, 0xF7, 0x13, 0x1C, 0x05, 0xB0, 0x15, 0xF9, 0x1E, 0x8B, 0x05, 0x8B, 
  0x55, 0x05, 0xFD, 0x1E, 0x8B, 0x05, 0x8B, 0xC1, 0x05, 0x70, 0x8B, 0x15, 
  0xC1, 0x8B, 0x05, 0x8B, 0x1C, 0xFA, 0x50, 0x05, 0x55, 0x8B, 0x05, 0x8B, 
  0x1C, 0x05, 0xB0, 0x05, 0xF9, 0x22, 0x8B, 0x15, 0xC1, 0x8B, 0x05, 0x8B, 
  0x1C, 0xFA, 0x50, 0x05, 0x55, 0x8B, 0x05, 0x8B, 0x1C, 0x05, 0xB0, 0x05, 
  0xFD, 0x07, 0x1C, 0xFA, 0x86, 0x15, 0xF9, 0x1E, 0x8B, 0x05, 0x8B, 0x55, 
  0x05, 0xFD, 0x1E, 0x8B, 0x05, 0x8B, 0xC1, 0x05, 0xF8, 0xE4, 0x1C, 0x05, 
  0x5C, 0x15, 0xC5, 0x8B, 0x05, 0xFC, 0xE5, 0x1C, 0xFA, 0x8C, 0x05, 0x51, 
  0x8B, 0x05, 0xF8, 0xE5, 0x1C, 0x05, 0x74, 0x05, 0xC5, 0x1C, 0xFA, 0x8C, 
  0x15, 0x51, 0x8B, 0x05, 0xFC, 0xE5, 0x1C, 0x05, 0x74, 0x05, 0xC5, 0x8B, 
  0x05, 0xF8, 0xE5, 0x1C, 0xFA, 0x8C, 0x05, 0x0E, 0xF8, 0x90, 0x0E, 0x1C, 
  0x04, 0x7F, 0xFA, 0x9F, 0xF9, 0xE0, 0x15, 0x8B, 0x8B, 0x05, 0x8B, 0xFB, 
  0x72, 0x05, 0x8B, 0xFB, 0x0B, 0x80, 0x26, 0x76, 0x39, 0x08, 0x76, 0x39, 
  0x6C, 0x49, 0x63, 0x59, 0x08, 0x63, 0x59, 0x5B, 0x67, 0x53, 0x75, 0x08, 
  0x52, 0x74, 0x4C, 0x80, 0x44, 0x8B, 0x08, 0x8B, 0x8B, 0x05, 0x53, 0x8B, 
  0x57, 0x92, 0x5C, 0x99, 0x08, 0x5C, 0x99, 0x60, 0xA2, 0x66, 0xAA, 0x08, 
  0x65, 0xAA, 0x6B, 0xB3, 0x70, 0xBD, 0x08, 0x70, 0xBD, 0x77, 0xC8, 0x7D, 
  0xD2, 0x08, 0x7D, 0xD2, 0x84, 0xDF, 0x8B, 0xEA, 0x08, 0x8B, 0x8B, 0x05, 
  0x8B, 0xF7, 0x72, 0x05, 0x8B, 0xF7, 0x0B, 0x96, 0xEF, 0xA1, 0xDC, 0x08, 
  0xA0, 0xDC, 0xAA, 0xCC, 0xB3, 0xBC, 0x08, 0xB3, 0xBC, 0xBB, 0xAE, 0xC4, 
  0xA0, 0x08, 0xC3, 0xA0, 0xCA, 0x96, 0xD1, 0x8B, 0x08, 0x8B, 0x8B, 0x05, 
  0xC4, 0x8B, 0xBF, 0x84, 0xBB, 0x7E, 0x08, 0xBA, 0x7D, 0xB6, 0x75, 0xB0, 
  0x6E, 0x08, 0xB0, 0x6D, 0xAB, 0x64, 0xA6, 0x5A, 0x08, 0xA5, 0x5A, 0x9F, 
  0x4F, 0x99, 0x44, 0x08, 0x99, 0x44, 0x92, 0x38, 0x8B, 0x2C, 0x08, 0xFB, 
  0x4E, 0xFB, 0x90, 0x15, 0x8B, 0x8B, 0x05, 0x8B, 0xF7, 0xAF, 0x05, 0x8B, 
  0xCC, 0x87, 0xC5, 0x84, 0xBD, 0x08, 0x83, 0xBC, 0x80, 0xB6, 0x7C, 0xAE, 
  0x08, 0x7C, 0xAE, 0x79, 0xA8, 0x75, 0xA1, 0x08, 0x74, 0xA1, 0x72, 0x9B, 
  0x6E, 0x96, 0x08, 0x6E, 0x95, 0x6A, 0x90, 0x67, 0x8B, 0x08, 0x8B, 0x8B, 
  0x05, 0x5F, 0x8B, 0x64, 0x83, 0x69, 0x7B, 0x08, 0x69, 0x7A, 0x6E, 0x71, 
  0x75, 0x68, 0x08, 0x74, 0x68, 0x79, 0x5C, 0x7F, 0x52, 0x08, 0x7F, 0x52, 
  0x85, 0x45, 0x8B, 0x39, 0x08, 0x8B, 0x8B, 0x05, 0x8B, 0xFB, 0xAF, 0x05, 
  0x8B, 0x4A, 0x8F, 0x51, 0x93, 0x59, 0x08, 0x92, 0x59, 0x97, 0x60, 0x9A, 
  0x67, 0x08, 0x9A, 0x66, 0x9E, 0x6D, 0xA1, 0x74, 0x08, 0xA1, 0x74, 0xA4, 
  0x7A, 0xA9, 0x80, 0x08, 0xA8, 0x80, 0xAB, 0x85, 0xAE, 0x8B, 0x08, 0x8B, 
  0x8B, 0x05, 0xB8, 0x8B, 0xB3, 0x94, 0xAD, 0x9C, 0x08, 0xAD, 0x9C, 0xA8, 
  0xA7, 0xA2, 0xB0, 0x08, 0xA2, 0xB0, 0x9C, 0xBA, 0x96, 0xC6, 0x08, 0x96, 
  0xC5, 0x91, 0xD1, 0x8B, 0xDC, 0x08, 0x0E, 0x1C, 0x04, 0x7F, 0xF9, 0x50, 
  0x1C, 0x05, 0xB8, 0x15, 0xA8, 0x8B, 0x05, 0x8B, 0x1C, 0xFA, 0x48, 0x05, 
  0xFB, 0x4D, 0x8B, 0x05, 0x8B, 0x1C, 0x04, 0xD1, 0x05, 0xFC, 0x09, 0xFB, 
  0x1C, 0x05, 0x8B, 0xF7, 0x3B, 0x05, 0xF8, 0xA5, 0xF7, 0x5C, 0x05, 0x0E, 
  0x1C, 0x04, 0x7F, 0xF7, 0xED, 0xF7, 0x2C, 0x15, 0xF9, 0x6E, 0x8B, 0x05, 
  0x8B, 0xFB, 0x2C, 0x05, 0xFE, 0x4D, 0x8B, 0x05, 0x8B, 0xF7, 0x19, 0x05, 
  0xF8, 0x71, 0xF8, 0xA7, 0x05, 0xC6, 0xCC, 0xB8, 0xC3, 0xAC, 0xB9, 0x08, 
  0xAB, 0xB8, 0xA2, 0xB4, 0x98, 0xB0, 0x08, 0x98, 0xAF, 0x91, 0xB0, 0x8B, 
  0xB1, 0x08, 0x8B, 0x8B, 0x05, 0x8B, 0xBB, 0x81, 0xB7, 0x78, 0xB2, 0x08, 
  0x77, 0xB2, 0x6E, 0xAA, 0x65, 0xA2, 0x08, 0x65, 0xA2, 0x5D, 0x97, 0x55, 
  0x8B, 0x08, 0x8B, 0x8B, 0x05, 0x4A, 0x8B, 0x55, 0x7F, 0x61, 0x72, 0x08, 
  0x60, 0x72, 0x6A, 0x68, 0x76, 0x5E, 0x08, 0x76, 0x5E, 0x80, 0x58, 0x8B, 
  0x51, 0x08, 0x8B, 0x8B, 0x05, 0xFB, 0x4D, 0x8B, 0x05, 0x8B, 0xDD, 0x9D, 
  0xD6, 0xAF, 0xCF, 0x08, 0xAF, 0xCF, 0xC0, 0xC1, 0xD2, 0xB4, 0x08, 0xD2, 
  0xB3, 0xE2, 0x9F, 0xF2, 0x8B, 0x08, 0x8B, 0x8B, 0x05, 0xE7, 0x8B, 0xDA, 
  0x7B, 0xCC, 0x6B, 0x08, 0xCC, 0x6A, 0xBE, 0x5E, 0xAE, 0x51, 0x08, 0xAE, 
  0x50, 0x9C, 0x47, 0x8B, 0x3D, 0x08, 0x8B, 0x8B, 0x05, 0x8B, 0x60, 0x84, 
  0x60, 0x7D, 0x60, 0x08, 0x7C, 0x5F, 0x77, 0x5F, 0x73, 0x60, 0x08, 0x72, 
  0x60, 0x6D, 0x60, 0x6B, 0x61, 0x08, 0x6A, 0x61, 0x67, 0x62, 0x66, 0x62, 
  0x08, 0x8B, 0x8B, 0x05, 0xFC, 0x1A, 0xFC, 0x3B, 0x05, 0x0E, 0x1C, 0x04, 
  0x7F, 0xF8, 0x1B, 0xF9, 0x57, 0x15, 0x8B, 0xF7, 0x04, 0x05, 0xF7, 0x18, 
  0x8B, 0x05, 0xCC, 0x8B, 0xC0, 0x96, 0xB6, 0xA1, 0x08, 0xB5, 0xA0, 0xAB, 
  0xA9, 0xA0, 0xB1, 0x08, 0xA0, 0xB0, 0x95, 0xB6, 0x8B, 0xBA, 0x08, 0x8B, 
  0x8B, 0x05, 0x8B, 0xC3, 0x82, 0xBA, 0x78, 0xB1, 0x08, 0x78, 0xB1, 0x6F, 
  0xA8, 0x66, 0x9E, 0x08, 0x66, 0x9E, 0x5B, 0x95, 0x52, 0x8B, 0x08, 0x8B, 
  0x8B, 0x05, 0x57, 0x8B, 0x5D, 0x81, 0x64, 0x77, 0x08, 0x63, 0x76, 0x6C, 
  0x6E, 0x75, 0x66, 0x08, 0x74, 0x66, 0x80, 0x5F, 0x8B, 0x58, 0x08, 0x8B, 
  0x8B, 0x05, 0xFB, 0x4D, 0x8B, 0x05, 0x8B, 0xD5, 0x9E, 0xCE, 0xB0, 0xC8, 
  0x08, 0xB0, 0xC8, 0xC0, 0xBB, 0xCF, 0xAF, 0x08, 0xCE, 0xAF, 0xDA, 0x9D, 
  0xE4, 0x8B, 0x08, 0x8B, 0x8B, 0x05, 0xE3, 0x8B, 0xD8, 0x7C, 0xCD, 0x6C, 
  0x08, 0xCD, 0x6C, 0xBE, 0x5D, 0xB0, 0x4E, 0x08, 0xB0, 0x4E, 0x9D, 0x3F, 
  0x8B, 0x30, 0x08, 0x8B, 0x8B, 0x05, 0x8B, 0x66, 0x83, 0x64, 0x7A, 0x62, 
  0x08, 0x7A, 0x61, 0x70, 0x64, 0x68, 0x67, 0x08, 0x67, 0x67, 0x5D, 0x6D, 
  0x52, 0x75, 0x08, 0x52, 0x74, 0x47, 0x7F, 0x3C, 0x8B, 0x08, 0x8B, 0x8B, 
  0x05, 0xFB, 0x32, 0x8B, 0x05, 0xF7, 0x18, 0x63, 0x15, 0xFB, 0x18, 0x8B, 
  0x05, 0x8B, 0xF7, 0x03, 0x05, 0xF7, 0x32, 0x8B, 0x05, 0xE8, 0x8B, 0xD7, 
  0x80, 0xC8, 0x75, 0x08, 0xC8, 0x75, 0xBB, 0x6E, 0xAE, 0x66, 0x08, 0xAE, 
  0x66, 0xA3, 0x63, 0x9A, 0x60, 0x08, 0x99, 0x5F, 0x92, 0x5F, 0x8B, 0x60, 
  0x08, 0x8B, 0x8B, 0x05, 0x8B, 0x47, 0x80, 0x4F, 0x74, 0x56, 0x08, 0x74, 
  0x56, 0x6A, 0x5F, 0x62, 0x66, 0x08, 0x61, 0x66, 0x5A, 0x70, 0x53, 0x78, 
  0x08, 0x53, 0x78, 0x4E, 0x82, 0x49, 0x8B, 0x08, 0x8B, 0x8B, 0x05, 0x4C, 
  0x8B, 0x4F, 0x94, 0x54, 0x9D, 0x08, 0x53, 0x9D, 0x5A, 0xA5, 0x60, 0xAE, 
  0x08, 0x60, 0xAD, 0x6A, 0xB5, 0x73, 0xBE, 0x08, 0x73, 0xBD, 0x7F, 0xC4, 
  0x8B, 0xCC, 0x08, 0x8B, 0x8B, 0x05, 0xF7, 0x4D, 0x8B, 0x05, 0x8B, 0x58, 
  0x96, 0x5F, 0xA2, 0x65, 0x08, 0xA1, 0x65, 0xAB, 0x6E, 0xB5, 0x76, 0x08, 
  0xB4, 0x76, 0xBC, 0x80, 0xC4, 0x8B, 0x08, 0x8B, 0x8B, 0x05, 0xC4, 0x8B, 
  0xBC, 0x95, 0xB4, 0x9F, 0x08, 0xB4, 0x9E, 0xAA, 0xA9, 0xA2, 0xB3, 0x08, 
  0xA1, 0xB3, 0x96, 0xBD, 0x8B, 0xC8, 0x08, 0x8B, 0x8B, 0x05, 0x8B, 0xC8, 
  0x7E, 0xBD, 0x72, 0xB2, 0x08, 0x72, 0xB2, 0x67, 0xA8, 0x5D, 0x9E, 0x08, 
  0x5C, 0x9E, 0x55, 0x94, 0x4C, 0x8B, 0x08, 0x8B, 0x8B, 0x05, 0x0E, 0x1C, 
  0x04, 0x7F, 0xF7, 0x9B, 0xF8, 0x7E, 0x15, 0xF9, 0xDE, 0x8B, 0x05, 0x8B, 
  0xFB, 0x2C, 0x05, 0xFE, 0xB0, 0x8B, 0x05, 0x8B, 0xF7, 0x01, 0x05, 0xF9, 
  0x20, 0xFA, 0x85, 0x05, 0xF7, 0x2B, 0x8B, 0x05, 0xFB, 0x36, 0xFB, 0xB8, 
  0x05, 0xFC, 0x43, 0xFD, 0x36, 0x05, 0xF8, 0x5A, 0xFA, 0x5A, 0x15, 0xF7, 
  0x4D, 0x8B, 0x05, 0x8B, 0x1C, 0xFA, 0x50, 0x05, 0xFB, 0x4D, 0x8B, 0x05, 
  0x8B, 0x1C, 0x05, 0xB0, 0x05, 0x0E, 0x1C, 0x04, 0x7F, 0xF7, 0xF7, 0xF9, 
  0x49, 0x15, 0x8B, 0x8B, 0x05, 0xFB, 0x28, 0xB1, 0x05, 0xD4, 0xF9, 0x69, 
  0x05, 0xF9, 0x7F, 0x8B, 0x05, 0x8B, 0xFB, 0x3F, 0x05, 0xFC, 0xE2, 0x8B, 
  0x05, 0x5F, 0xFC, 0x20, 0x05, 0xA6, 0x9A, 0xAC, 0x9A, 0xB5, 0x98, 0x08, 
  0xB4, 0x98, 0xBA, 0x92, 0xC0, 0x8B, 0x08, 0x8B, 0x8B, 0x05, 0xCE, 0x8B, 
  0xC8, 0x80, 0xC0, 0x74, 0x08, 0xC0, 0x74, 0xB9, 0x6A, 0xB1, 0x60, 0x08, 
  0xB0, 0x60, 0xA8, 0x58, 0x9F, 0x4F, 0x08, 0x9F, 0x4F, 0x95, 0x48, 0x8B, 
  0x41, 0x08, 0x8B, 0x8B, 0x05, 0x8B, 0x45, 0x82, 0x4B, 0x78, 0x50, 0x08, 
  0x78, 0x50, 0x6E, 0x58, 0x65, 0x60, 0x08, 0x65, 0x5F, 0x5B, 0x69, 0x52, 
  0x73, 0x08, 0x51, 0x73, 0x47, 0x7F, 0x3D, 0x8B, 0x08, 0x8B, 0x8B, 0x05, 
  0x50, 0x8B, 0x54, 0x93, 0x57, 0x9C, 0x08, 0x56, 0x9B, 0x5D, 0xA4, 0x62, 
  0xAD, 0x08, 0x62, 0xAC, 0x69, 0xB5, 0x72, 0xBE, 0x08, 0x71, 0xBD, 0x7B, 
  0xC6, 0x84, 0xCF, 0x08, 0x8B, 0x8B, 0x05, 0xF7, 0x44, 0x8B, 0x05, 0x93, 
  0x54, 0x9B, 0x5D, 0xA3, 0x66, 0x08, 0xA3, 0x66, 0xAB, 0x6F, 0xB2, 0x78, 
  0x08, 0xB2, 0x78, 0xB8, 0x81, 0xBF, 0x8B, 0x08, 0x8B, 0x8B, 0x05, 0xB7, 
  0x8B, 0xB2, 0x93, 0xAD, 0x9A, 0x08, 0xAD, 0x9A, 0xA8, 0xA1, 0xA2, 0xA8, 
  0x08, 0xA2, 0xA8, 0x9D, 0xAD, 0x98, 0xB4, 0x08, 0x97, 0xB4, 0x91, 0xB8, 
  0x8B, 0xBE, 0x08, 0x8B, 0x8B, 0x05, 0x8B, 0xB9, 0x85, 0xB6, 0x7E, 0xB2, 
  0x08, 0x7E, 0xB2, 0x79, 0xAE, 0x72, 0xA8, 0x08, 0x72, 0xA8, 0x6C, 0xA2, 
  0x67, 0x9C, 0x08, 0x67, 0x9B, 0x62, 0x93, 0x5C, 0x8B, 0x08, 0x8B, 0x8B, 
  0x05, 0x4D, 0x8B, 0x5C, 0x83, 0x6C, 0x7A, 0x08, 0x6B, 0x7A, 0x6A, 0x75, 
  0x6A, 0x6E, 0x08, 0x0E, 0x1C, 0x04, 0x7F, 0xF9, 0xD3, 0x1C, 0x05, 0xB2, 
  0x15, 0x8B, 0x8B, 0x05, 0x9B, 0x8B, 0x05, 0x8B, 0xFB, 0x31, 0x05, 0x7B, 
  0x8B, 0x05, 0x29, 0x8B, 0x39, 0x7B, 0x49, 0x6C, 0x08, 0x49, 0x6B, 0x57, 
  0x61, 0x64, 0x56, 0x08, 0x64, 0x56, 0x70, 0x4F, 0x7A, 0x49, 0x08, 0x7A, 
  0x49, 0x82, 0x48, 0x8B, 0x47, 0x08, 0x8B, 0x8B, 0x05, 0x8B, 0xFB, 0x6A, 
  0x05, 0x8B, 0x4A, 0x93, 0x52, 0x9A, 0x5A, 0x08, 0x9A, 0x59, 0xA0, 0x61, 
  0xA6, 0x69, 0x08, 0xA6, 0x69, 0xA9, 0x71, 0xAD, 0x7A, 0x08, 0xAC, 0x7A, 
  0xAE, 0x82, 0xB0, 0x8B, 0x08, 0x8B, 0x8B, 0x05, 0xB6, 0x8B, 0xB1, 0x93, 
  0xAC, 0x9C, 0x08, 0xAC, 0x9B, 0xA8, 0xA2, 0xA2, 0xA9, 0x08, 0xA2, 0xA8, 
  0x9C, 0xAE, 0x97, 0xB4, 0x08, 0x97, 0xB4, 0x91, 0xB7, 0x8B, 0xBC, 0x08, 
  0x8B, 0x8B, 0x05, 0x8B, 0xB6, 0x86, 0xB5, 0x80, 0xB4, 0x08, 0x80, 0xB3, 
  0x7B, 0xAF, 0x75, 0xAB, 0x08, 0x75, 0xAA, 0x70, 0xA4, 0x6A, 0x9E, 0x08, 
  0x6A, 0x9D, 0x63, 0x94, 0x5E, 0x8B, 0x08, 0x8B, 0x8B, 0x05, 0x58, 0x8B, 
  0x5B, 0x7F, 0x5F, 0x72, 0x08, 0x5E, 0x72, 0x67, 0x6A, 0x6F, 0x63, 0x08, 
  0x6E, 0x62, 0x7B, 0x5F, 0x87, 0x5C, 0x08, 0x8B, 0x8B, 0x05, 0x29, 0x8C, 
  0x05, 0x94, 0xD6, 0x9D, 0xCB, 0xA5, 0xC0, 0x08, 0xA4, 0xC0, 0xAB, 0xB6, 
  0xB2, 0xAD, 0x08, 0xB1, 0xAC, 0xB6, 0xA4, 0xBB, 0x9B, 0x08, 0xBA, 0x9A, 
  0xBE, 0x93, 0xC0, 0x8B, 0x08, 0x8B, 0x8B, 0x05, 0xD4, 0x8B, 0xC9, 0x7D, 
  0xC0, 0x70, 0x08, 0xC0, 0x70, 0xB6, 0x66, 0xAD, 0x5E, 0x08, 0xAD, 0x5D, 
  0xA4, 0x58, 0x9C, 0x52, 0x08, 0x9B, 0x52, 0x93, 0x50, 0x8B, 0x4F, 0x08, 
  0x8B, 0x8B, 0x05, 0x8B, 0x46, 0x81, 0x4B, 0x78, 0x4F, 0x08, 0x78, 0x4F, 
  0x6E, 0x56, 0x65, 0x5E, 0x08, 0x64, 0x5E, 0x5C, 0x67, 0x53, 0x72, 0x08, 
  0x53, 0x72, 0x4A, 0x7E, 0x41, 0x8B, 0x08, 0x8B, 0x8B, 0x05, 0x3C, 0x8B, 
  0x47, 0x9B, 0x50, 0xAC, 0x08, 0x50, 0xAB, 0x5B, 0xB6, 0x64, 0xC1, 0x08, 
  0x64, 0xC1, 0x6E, 0xC7, 0x78, 0xCD, 0x08, 0x78, 0xCD, 0x81, 0xCE, 0x8B, 
  0xCF, 0x08, 0x8B, 0x8B, 0x05, 0x8B, 0xE2, 0x05, 0x8B, 0xF2, 0x95, 0xEF, 
  0xA0, 0xEE, 0x08, 0xA0, 0xEE, 0xAF, 0xE4, 0xBE, 0xDB, 0x08, 0xBE, 0xDB, 
  0xD1, 0xCB, 0xE6, 0xBA, 0x08, 0xE6, 0xBA, 0xF7, 0x07, 0xA3, 0xF7, 0x21, 
  0x8B, 0x08, 0x0E, 0x1C, 0x04, 0x7F, 0xD9, 0x1C, 0x05, 0xB0, 0x15, 0xFA, 
  0x6C, 0x8B, 0x05, 0x8B, 0x23, 0x05, 0xFC, 0xEF, 0x1C, 0xFA, 0xB8, 0x05, 
  0xFB, 0x57, 0x8B, 0x05, 0xF8, 0xEE, 0x1C, 0x05, 0x18, 0x05, 0xFD, 0xA8, 
  0x8B, 0x05, 0x8B, 0xF7, 0x2C, 0x05, 0x0E, 0x1C, 0x04, 0x7F, 0xFA, 0xA3, 
  0xF8, 0x1E, 0x15, 0x8B, 0x8B, 0x05, 0x8B, 0x32, 0x77, 0x40, 0x62, 0x4E, 
  0x08, 0x62, 0x4D, 0x53, 0x5C, 0x46, 0x6B, 0x08, 0x45, 0x6B, 0x3C, 0x7B, 
  0x34, 0x8B, 0x08, 0x8B, 0x8B, 0x05, 0x34, 0x8B, 0x3C, 0x9B, 0x45, 0xAB, 
  0x08, 0x45, 0xAB, 0x54, 0xBA, 0x62, 0xC9, 0x08, 0x62, 0xC8, 0x77, 0xD6, 
  0x8B, 0xE4, 0x08, 0x8B, 0x8B, 0x05, 0x8B, 0xC5, 0x96, 0xC0, 0xA2, 0xBC, 
  0x08, 0xA1, 0xBB, 0xAB, 0xB5, 0xB4, 0xAF, 0x08, 0xB4, 0xAF, 0xBB, 0xA7, 
  0xC4, 0x9F, 0x08, 0xC3, 0x9E, 0xC9, 0x95, 0xCF, 0x8B, 0x08, 0x8B, 0x8B, 
  0x05, 0xE4, 0x8B, 0xDB, 0x7A, 0xD1, 0x69, 0x08, 0xD1, 0x68, 0xC2, 0x5C, 
  0xB4, 0x4F, 0x08, 0xB3, 0x4F, 0x9F, 0x46, 0x8B, 0x3E, 0x08, 0xFB, 0x4E, 
  0x8F, 0x15, 0x8B, 0x8B, 0x05, 0x8B, 0xC1, 0x7F, 0xBB, 0x74, 0xB5, 0x08, 
  0x74, 0xB4, 0x6A, 0xAC, 0x61, 0xA2, 0x08, 0x61, 0xA2, 0x5A, 0x97, 0x54, 
  0x8B, 0x08, 0x8B, 0x8B, 0x05, 0x52, 0x8B, 0x5B, 0x7F, 0x62, 0x74, 0x08, 
  0x62, 0x74, 0x6B, 0x6A, 0x74, 0x62, 0x08, 0x74, 0x61, 0x80, 0x5B, 0x8B, 
  0x55, 0x08, 0x8B, 0x8B, 0x05, 0x8B, 0x53, 0x96, 0x5B, 0xA2, 0x64, 0x08, 
  0xA1, 0x63, 0xAB, 0x6D, 0xB5, 0x76, 0x08, 0xB4, 0x76, 0xBD, 0x80, 0xC4, 
  0x8B, 0x08, 0x8B, 0x8B, 0x05, 0xC4, 0x8B, 0xBD, 0x96, 0xB4, 0xA0, 0x08, 
  0xB4, 0xA0, 0xAB, 0xA9, 0xA2, 0xB3, 0x08, 0xA1, 0xB2, 0x96, 0xBB, 0x8B, 
  0xC3, 0x08, 0xF7, 0x2C, 0xF9, 0x3B, 0x15, 0x8B, 0x8B, 0x05, 0x8B, 0x44, 
  0x78, 0x4C, 0x66, 0x52, 0x08, 0x66, 0x52, 0x58, 0x5F, 0x4A, 0x6A, 0x08, 
  0x4A, 0x6A, 0x42, 0x7B, 0x39, 0x8B, 0x08, 0x8B, 0x8B, 0x05, 0x38, 0x8B, 
  0x40, 0x9B, 0x4B, 0xAC, 0x08, 0x4A, 0xAC, 0x58, 0xB7, 0x66, 0xC4, 0x08, 
  0x66, 0xC4, 0x79, 0xCA, 0x8B, 0xD2, 0x08, 0x8B, 0x8B, 0x05, 0x8B, 0xE0, 
  0x9E, 0xD3, 0xB0, 0xC6, 0x08, 0xB0, 0xC6, 0xBD, 0xB9, 0xCC, 0xAA, 0x08, 
  0xCC, 0xAA, 0xD4, 0x9B, 0xDE, 0x8B, 0x08, 0x8B, 0x8B, 0x05, 0xDE, 0x8B, 
  0xD5, 0x7B, 0xCC, 0x6C, 0x08, 0xCC, 0x6C, 0xBE, 0x5D, 0xB0, 0x50, 0x08, 
  0xB0, 0x50, 0x9D, 0x43, 0x8B, 0x36, 0x08, 0xFB, 0x4D, 0x88, 0x15, 0x8B, 
  0x8B, 0x05, 0x8B, 0xBC, 0x81, 0xB6, 0x76, 0xB0, 0x08, 0x76, 0xB0, 0x6F, 
  0xA9, 0x66, 0xA1, 0x08, 0x66, 0xA0, 0x61, 0x96, 0x5A, 0x8B, 0x08, 0x8B, 
  0x8B, 0x05, 0x5A, 0x8B, 0x61, 0x81, 0x67, 0x77, 0x08, 0x66, 0x76, 0x6F, 
  0x6E, 0x77, 0x66, 0x08, 0x76, 0x66, 0x81, 0x5E, 0x8B, 0x58, 0x08, 0x8B, 
  0x8B, 0x05, 0x8B, 0x59, 0x95, 0x5F, 0xA0, 0x66, 0x08, 0x9F, 0x66, 0xA7, 
  0x6E, 0xB0, 0x76, 0x08, 0xB0, 0x76, 0xB5, 0x81, 0xBC, 0x8B, 0x08, 0x8B, 
  0x8B, 0x05, 0xBC, 0x8B, 0xB5, 0x95, 0xB0, 0xA0, 0x08, 0xAF, 0xA0, 0xA7, 
  0xA8, 0xA0, 0xB0, 0x08, 0xA0, 0xB0, 0x95, 0xB7, 0x8B, 0xBD, 0x08, 0x0E, 
  0x1C, 0x04, 0x7F, 0xF7, 0xC5, 0x89, 0x15, 0x8B, 0xF7, 0x31, 0x05, 0x9E, 
  0x8B, 0x05, 0xF6, 0x8B, 0xE1, 0x9A, 0xCE, 0xA9, 0x08, 0xCE, 0xA9, 0xBE, 
  0xB3, 0xAF, 0xBE, 0x08, 0xAF, 0xBE, 0xA4, 0xC4, 0x98, 0xCB, 0x08, 0x98, 
  0xCA, 0x92, 0xCD, 0x8B, 0xCE, 0x08, 0x8B, 0x8B, 0x05, 0x8B, 0xF7, 0x73, 
  0x05, 0x8B, 0xCD, 0x84, 0xC6, 0x7C, 0xBE, 0x08, 0x7C, 0xBE, 0x76, 0xB6, 
  0x71, 0xAE, 0x08, 0x70, 0xAE, 0x6D, 0xA5, 0x6A, 0x9D, 0x08, 0x6A, 0x9D, 
  0x67, 0x94, 0x66, 0x8B, 0x08, 0x8B, 0x8B, 0x05, 0x60, 0x8B, 0x65, 0x83, 
  0x6A, 0x7A, 0x08, 0x69, 0x7A, 0x6F, 0x73, 0x74, 0x6C, 0x08, 0x74, 0x6C, 
  0x79, 0x67, 0x7F, 0x62, 0x08, 0x7F, 0x62, 0x85, 0x5E, 0x8B, 0x5A, 0x08, 
  0x8B, 0x8B, 0x05, 0x8B, 0x60, 0x90, 0x61, 0x96, 0x62, 0x08, 0x96, 0x62, 
  0x9B, 0x67, 0xA1, 0x6A, 0x08, 0xA1, 0x6A, 0xA7, 0x72, 0xAC, 0x78, 0x08, 
  0xAC, 0x78, 0xB1, 0x81, 0xB8, 0x8B, 0x08, 0x8B, 0x8B, 0x05, 0xB4, 0x8B, 
  0xB2, 0x93, 0xB0, 0x9C, 0x08, 0xAF, 0x9B, 0xAB, 0xA1, 0xA8, 0xA8, 0x08, 
  0xA7, 0xA7, 0xA2, 0xAB, 0x9C, 0xAF, 0x08, 0x9C, 0xAF, 0x94, 0xB1, 0x8E, 
  0xB2, 0x08, 0x8B, 0x8B, 0x05, 0xE3, 0x8B, 0x05, 0x8B, 0x54, 0x80, 0x54, 
  0x76, 0x56, 0x08, 0x75, 0x55, 0x6D, 0x5A, 0x64, 0x5F, 0x08, 0x64, 0x5F, 
  0x5E, 0x68, 0x57, 0x71, 0x08, 0x57, 0x70, 0x52, 0x7E, 0x4E, 0x8B, 0x08, 
  0x8B, 0x8B, 0x05, 0x43, 0x8B, 0x4D, 0x99, 0x56, 0xA7, 0x08, 0x56, 0xA7, 
  0x60, 0xB0, 0x6A, 0xBA, 0x08, 0x69, 0xBA, 0x72, 0xBF, 0x7B, 0xC5, 0x08, 
  0x7A, 0xC4, 0x83, 0xC6, 0x8B, 0xC6, 0x08, 0x8B, 0x8B, 0x05, 0x8B, 0xD0, 
  0x95, 0xCC, 0x9E, 0xC8, 0x08, 0x9E, 0xC8, 0xA8, 0xC0, 0xB1, 0xBA, 0x08, 
  0xB1, 0xB9, 0xBA, 0xAF, 0xC4, 0xA5, 0x08, 0xC3, 0xA5, 0xCC, 0x98, 0xD5, 
  0x8B, 0x08, 0x8B, 0x8B, 0x05, 0xDE, 0x8B, 0xD2, 0x7A, 0xC6, 0x6A, 0x08, 
  0xC6, 0x6A, 0xBB, 0x5E, 0xB0, 0x53, 0x08, 0xB0, 0x53, 0xA6, 0x4C, 0x9C, 
  0x45, 0x08, 0x9C, 0x45, 0x94, 0x43, 0x8B, 0x41, 0x08, 0x8B, 0x8B, 0x05, 
  0x8B, 0x48, 0x05, 0x8B, 0x40, 0x86, 0x3E, 0x82, 0x3E, 0x08, 0x81, 0x3D, 
  0x79, 0x41, 0x70, 0x44, 0x08, 0x70, 0x44, 0x63, 0x4C, 0x58, 0x54, 0x08, 
  0x58, 0x53, 0x48, 0x5F, 0x39, 0x6B, 0x08, 0x38, 0x6A, 0x26, 0x7B, 0xFB, 
  0x0D, 0x8B, 0x08, 0x8B, 0x8B, 0x05, 0x78, 0x8B, 0x05, 0x0E, 0x1C, 0x05, 
  0x38, 0xF9, 0x5B, 0x1C, 0x05, 0xB0, 0x15, 0x88, 0xFB, 0x15, 0x05, 0xFC, 
  0x76, 0x1C, 0xFA, 0xD1, 0x05, 0xFB, 0x59, 0x8B, 0x05, 0xF8, 0xBF, 0x1C, 
  0x05, 0xB0, 0x05, 0xF7, 0x13, 0x8B, 0x05, 0xF8, 0xEB, 0x1C, 0xFA, 0x50, 
  0x15, 0xFB, 0x5A, 0x8B, 0x05, 0xFC, 0x77, 0x1C, 0x05, 0x2F, 0x05, 0x88, 
  0xF7, 0x15, 0x05, 0xF7, 0x13, 0x8B, 0x05, 0xF8, 0xC1, 0x1C, 0xFA, 0x50, 
  0x05, 0xFE, 0xA5, 0xF8, 0xAF, 0x15, 0xF9, 0xC6, 0x8B, 0x05, 0x8B, 0xFB, 
  0x32, 0x05, 0xFD, 0xC6, 0x8B, 0x05, 0x8B, 0xF7, 0x32, 0x05, 0x0E, 0x1C, 
  0x04, 0xFC, 0xF9, 0x89, 0xF9, 0x6C, 0x15, 0x46, 0x5C, 0x05, 0xFC, 0x05, 
  0x8B, 0x05, 0x89, 0xF7, 0x2F, 0x05, 0xF7, 0xE3, 0x8B, 0x05, 0xC2, 0x8B, 
  0xBC, 0x94, 0xB4, 0x9E, 0x08, 0xB4, 0x9E, 0xAC, 0xA6, 0xA2, 0xAE, 0x08, 
  0xA2, 0xAE, 0x96, 0xB4, 0x8B, 0xBC, 0x08, 0x8B, 0x8B, 0x05, 0x8B, 0xC0, 
  0x81, 0xB7, 0x77, 0xAD, 0x08, 0x76, 0xAC, 0x6C, 0xA4, 0x62, 0x9B, 0x08, 
  0x61, 0x9A, 0x56, 0x93, 0x4B, 0x8B, 0x08, 0x8B, 0x8B, 0x05, 0xFB, 0xB0, 
  0x8B, 0x05, 0x8B, 0x1C, 0xFA, 0xEE, 0x05, 0xFB, 0x55, 0x8B, 0x05, 0x8B, 
  0x1C, 0x05, 0xB0, 0x05, 0xF8, 0x71, 0x8B, 0x05, 0xD6, 0x8B, 0xCD, 0x84, 
  0xC6, 0x7C, 0x08, 0xC6, 0x7C, 0xBD, 0x73, 0xB4, 0x6C, 0x08, 0xB4, 0x6B, 
  0xAA, 0x63, 0xA0, 0x5A, 0x08, 0xA0, 0x5A, 0x96, 0x51, 0x8B, 0x47, 0x08, 
  0x8B, 0x8B, 0x05, 0x8B, 0x4F, 0x7C, 0x55, 0x6C, 0x5B, 0x08, 0x6C, 0x5A, 
  0x61, 0x64, 0x55, 0x6C, 0x08, 0x54, 0x6C, 0x4C, 0x78, 0x42, 0x82, 0x08, 
  0x8B, 0x8B, 0x05, 0x3D, 0xFD, 0x6C, 0x15, 0x8B, 0x8B, 0x05, 0xFC, 0x48, 
  0x8B, 0x05, 0xF7, 0x01, 0xF7, 0x31, 0x05, 0xF7, 0xDB, 0x8B, 0x05, 0xC8, 
  0x8B, 0xC0, 0x96, 0xB6, 0xA0, 0x08, 0xB6, 0xA0, 0xAB, 0xA9, 0xA2, 0xB3, 
  0x08, 0xA2, 0xB2, 0x96, 0xB9, 0x8B, 0xC0, 0x08, 0x8B, 0x8B, 0x05, 0x8B, 
  0xC1, 0x81, 0xBA, 0x78, 0xB2, 0x08, 0x78, 0xB2, 0x6C, 0xAA, 0x62, 0xA0, 
  0x08, 0x62, 0xA0, 0x55, 0x96, 0x4A, 0x8B, 0x08, 0x8B, 0x8B, 0x05, 0xFB, 
  0xA7, 0x8B, 0x05, 0x8D, 0xF7, 0x2F, 0x05, 0xF8, 0x0C, 0x8B, 0x05, 0xB4, 
  0x53, 0x05, 0xD1, 0x85, 0xC6, 0x77, 0xBC, 0x6A, 0x08, 0xBC, 0x69, 0xB0, 
  0x60, 0xA5, 0x57, 0x08, 0xA4, 0x57, 0x98, 0x52, 0x8B, 0x4C, 0x08, 0x8B, 
  0x8B, 0x05, 0x8B, 0x30, 0x77, 0x3F, 0x64, 0x4D, 0x08, 0x63, 0x4C, 0x53, 
  0x5C, 0x43, 0x6B, 0x08, 0x43, 0x6A, 0x36, 0x7B, 0x2A, 0x8B, 0x08, 0x0E, 
  0x1C, 0x05, 0x35, 0xFA, 0xAC, 0xF8, 0x63, 0x15, 0x8B, 0x8B, 0x05, 0xF7, 
  0x54, 0x8B, 0x05, 0x81, 0x2F, 0x71, 0x39, 0x60, 0x42, 0x08, 0x60, 0x42, 
  0x4F, 0x52, 0x3D, 0x61, 0x08, 0x3D, 0x60, 0x2A, 0x76, 0xFB, 0x09, 0x8B, 
  0x08, 0x8B, 0x8B, 0x05, 0x36, 0x8B, 0x3D, 0x9B, 0x46, 0xAB, 0x08, 0x45, 
  0xAB, 0x4F, 0xB9, 0x59, 0xC6, 0x08, 0x59, 0xC6, 0x65, 0xD2, 0x70, 0xDE, 
  0x08, 0x70, 0xDE, 0x7D, 0xE7, 0x8B, 0xF1, 0x08, 0x8B, 0x8B, 0x05, 0x8B, 
  0xF7, 0x25, 0x05, 0x8B, 0xF1, 0x99, 0xE7, 0xA6, 0xDF, 0x08, 0xA6, 0xDE, 
  0xB2, 0xD2, 0xBE, 0xC6, 0x08, 0xBE, 0xC6, 0xC8, 0xB9, 0xD3, 0xAB, 0x08, 
  0xD3, 0xAB, 0xDC, 0x9B, 0xE5, 0x8B, 0x08, 0x8B, 0x8B, 0x05, 0xF7, 0x02, 
  0x8B, 0xE8, 0x76, 0xD7, 0x62, 0x08, 0xD7, 0x62, 0xC6, 0x52, 0xB6, 0x42, 
  0x08, 0xB5, 0x42, 0xA5, 0x36, 0x95, 0x2B, 0x08, 0x8B, 0x8B, 0x05, 0xFB, 
  0x54, 0x8B, 0x05, 0x82, 0xCF, 0x79, 0xC6, 0x72, 0xBC, 0x08, 0x72, 0xBC, 
  0x67, 0xB0, 0x5C, 0xA6, 0x08, 0x5C, 0xA6, 0x4E, 0x98, 0x40, 0x8B, 0x08, 
  0x8B, 0x8B, 0x05, 0x4A, 0x8B, 0x53, 0x7F, 0x5A, 0x72, 0x08, 0x5A, 0x72, 
  0x62, 0x68, 0x6A, 0x5E, 0x08, 0x6A, 0x5E, 0x72, 0x54, 0x7A, 0x4C, 0x08, 
  0x7A, 0x4C, 0x83, 0x44, 0x8B, 0x3E, 0x08, 0x8B, 0x8B, 0x05, 0x8B, 0xFB, 
  0x27, 0x05, 0x8B, 0x44, 0x93, 0x48, 0x9A, 0x4C, 0x08, 0x9A, 0x4C, 0xA1, 
  0x54, 0xAA, 0x5C, 0x08, 0xAA, 0x5C, 0xB2, 0x65, 0xBA, 0x71, 0x08, 0xBA, 
  0x70, 0xC3, 0x7D, 0xCC, 0x8B, 0x08, 0x8B, 0x8B, 0x05, 0xDD, 0x8B, 0xCC, 
  0x98, 0xBC, 0xA5, 0x08, 0xBC, 0xA5, 0xB0, 0xB0, 0xA4, 0xBC, 0x08, 0xA4, 
  0xBC, 0x9C, 0xC5, 0x96, 0xCF, 0x08, 0x0E, 0x1C, 0x05, 0x40, 0xF8, 0xC7, 
  0x8B, 0x15, 0x8B, 0x8B, 0x05, 0xFB, 0xC4, 0x8B, 0x05, 0x8D, 0xF7, 0x31, 
  0x05, 0xF7, 0xC2, 0x8B, 0x05, 0xF3, 0x8B, 0xE2, 0xA1, 0xD0, 0xB7, 0x08, 
  0xD0, 0xB6, 0xC0, 0xC9, 0xAE, 0xDA, 0x08, 0xAE, 0xDA, 0x9C, 0xE7, 0x8B, 
  0xF5, 0x08, 0x8B, 0x8B, 0x05, 0x8B, 0xE4, 0x05, 0x8B, 0xDE, 0x81, 0xD6, 
  0x77, 0xCC, 0x08, 0x77, 0xCC, 0x6E, 0xC2, 0x64, 0xB8, 0x08, 0x64, 0xB8, 
  0x5C, 0xAD, 0x54, 0xA2, 0x08, 0x53, 0xA2, 0x4B, 0x97, 0x43, 0x8B, 0x08, 
  0x8B, 0x8B, 0x05, 0xFB, 0xDC, 0x8B, 0x05, 0x8B, 0xF7, 0x32, 0x05, 0xF7, 
  0xDC, 0x8B, 0x05, 0xEA, 0x8B, 0xE2, 0x7B, 0xDA, 0x6C, 0x08, 0xDA, 0x6B, 
  0xCF, 0x5D, 0xC4, 0x50, 0x08, 0xC4, 0x4F, 0xB6, 0x43, 0xAA, 0x37, 0x08, 
  0xAA, 0x36, 0x9A, 0x2C, 0x8B, 0x22, 0x08, 0x8B, 0x8B, 0x05, 0x8B, 0x34, 
  0x05, 0x8B, 0x22, 0x7C, 0x2C, 0x6C, 0x37, 0x08, 0x6C, 0x36, 0x5F, 0x43, 
  0x52, 0x50, 0x08, 0x51, 0x50, 0x46, 0x5D, 0x3A, 0x6C, 0x08, 0x3A, 0x6B, 
  0x2F, 0x7B, 0x26, 0x8B, 0x08, 0xFC, 0x1E, 0x1C, 0x05, 0xB0, 0x15, 0xF7, 
  0x55, 0x8B, 0x05, 0x8B, 0x1C, 0xFA, 0x50, 0x05, 0xFB, 0x55, 0x8B, 0x05, 
  0x8B, 0x1C, 0x05, 0xB0, 0x05, 0x0E, 0x1C, 0x04, 0x8C, 0xF7, 0xD7, 0xF7, 
  0x31, 0x15, 0xF9, 0x97, 0x8B, 0x05, 0x8B, 0xFB, 0x31, 0x05, 0xFD, 0x97, 
  0x8B, 0x05, 0x8B, 0xF7, 0x31, 0x05, 0xFB, 0x2E, 0x1C, 0x05, 0x13, 0x15, 
  0xF7, 0x55, 0x8B, 0x05, 0x8B, 0x1C, 0xFA, 0x50, 0x05, 0xFB, 0x55, 0x8B, 
  0x05, 0x8B, 0x1C, 0x05, 0xB0, 0x05, 0xF7, 0x2E, 0xFD, 0x06, 0x15, 0xF9, 
  0x31, 0x8B, 0x05, 0x8B, 0xFB, 0x31, 0x05, 0xFD, 0x31, 0x8B, 0x05, 0x8B, 
  0xF7, 0x31, 0x05, 0x8B, 0xF9, 0x06, 0x15, 0xF9, 0x8D, 0x8B, 0x05, 0x8B, 
  0xFB, 0x32, 0x05, 0xFD, 0x8D, 0x8B, 0x05, 0x8B, 0xF7, 0x32, 0x05, 0x0E, 
  0x1C, 0x04, 0x6C, 0xF7, 0x3D, 0x1C, 0x05, 0xB0, 0x15, 0xF7, 0x55, 0x8B, 
  0x05, 0x8B, 0x1C, 0xFA, 0x50, 0x05, 0xFB, 0x55, 0x8B, 0x05, 0x8B, 0x1C, 
  0x05, 0xB0, 0x05, 0xF7, 0x2B, 0xFD, 0x23, 0x15, 0xF9, 0x20, 0x8B, 0x05, 
  0x8B, 0xFB, 0x32, 0x05, 0xFD, 0x20, 0x8B, 0x05, 0x8B, 0xF7, 0x32, 0x05, 
  0x8B, 0xF9, 0x23, 0x15, 0xF9, 0x83, 0x8B, 0x05, 0x8B, 0xFB, 0x32, 0x05, 
  0xFD, 0x83, 0x8B, 0x05, 0x8B, 0xF7, 0x32, 0x05, 0x0E, 0x1C, 0x05, 0x73, 
  0xF9, 0x60, 0xF9, 0x69, 0x15, 0xF8, 0xA5, 0x8B, 0x05, 0x8B, 0xFC, 0xA9, 
  0x05, 0x79, 0x70, 0x6E, 0x6E, 0x64, 0x6A, 0x08, 0x64, 0x6A, 0x55, 0x6E, 
  0x46, 0x73, 0x08, 0x46, 0x72, 0x32, 0x7F, 0xFB, 0x01, 0x8B, 0x08, 0x8B, 
  0x8B, 0x05, 0x32, 0x8B, 0x3A, 0x9B, 0x41, 0xAA, 0x08, 0x40, 0xAA, 0x4B, 
  0xB8, 0x55, 0xC7, 0x08, 0x54, 0xC6, 0x61, 0xD4, 0x6E, 0xE1, 0x08, 0x6D, 
  0xE0, 0x7C, 0xEC, 0x8B, 0xF7, 0x01, 0x08, 0x8B, 0x8B, 0x05, 0x8B, 0xF7, 
  0x05, 0x05, 0x8B, 0xF7, 0x01, 0x98, 0xEC, 0xA5, 0xE0, 0x08, 0xA4, 0xE0, 
  0xB1, 0xD4, 0xBD, 0xC7, 0x08, 0xBD, 0xC6, 0xC8, 0xB9, 0xD4, 0xAA, 0x08, 
  0xD4, 0xAA, 0xDE, 0x9A, 0xE9, 0x8B, 0x08, 0x8B, 0x8B, 0x05, 0xF7, 0x03, 
  0x8B, 0xE8, 0x78, 0xD7, 0x65, 0x08, 0xD6, 0x64, 0xC5, 0x56, 0xB6, 0x48, 
  0x08, 0xB5, 0x48, 0xA6, 0x3E, 0x97, 0x35, 0x08, 0x8B, 0x8B, 0x05, 0xFB, 
  0x55, 0x8B, 0x05, 0x82, 0xC0, 0x7A, 0xBB, 0x72, 0xB6, 0x08, 0x71, 0xB6, 
  0x66, 0xAE, 0x5C, 0xA6, 0x08, 0x5C, 0xA5, 0x4E, 0x98, 0x40, 0x8B, 0x08, 
  0x8B, 0x8B, 0x05, 0x48, 0x8B, 0x50, 0x7F, 0x5A, 0x72, 0x08, 0x5A, 0x72, 
  0x62, 0x68, 0x6B, 0x5D, 0x08, 0x6B, 0x5D, 0x73, 0x53, 0x7C, 0x4A, 0x08, 
  0x7B, 0x4A, 0x83, 0x41, 0x8B, 0x39, 0x08, 0x8B, 0x8B, 0x05, 0x8B, 0xFB, 
  0x07, 0x05, 0x8B, 0x37, 0x95, 0x40, 0x9F, 0x49, 0x08, 0x9E, 0x49, 0xA7, 
  0x53, 0xB0, 0x5D, 0x08, 0xB0, 0x5C, 0xB7, 0x68, 0xBE, 0x73, 0x08, 0xBE, 
  0x73, 0xC3, 0x7F, 0xC9, 0x8B, 0x08, 0x8B, 0x8B, 0x05, 0xD0, 0x8B, 0xC2, 
  0x91, 0xB6, 0x97, 0x08, 0xB6, 0x96, 0xAC, 0x99, 0xA3, 0x9C, 0x08, 0xA3, 
  0x9B, 0x9D, 0x9A, 0x98, 0x9A, 0x08, 0x8B, 0x8B, 0x05, 0x8B, 0xF7, 0xDA, 
  0x05, 0xFB, 0xE5, 0x8B, 0x05, 0x8B, 0xF7, 0x30, 0x05, 0x0E, 0x1C, 0x05, 
  0xB5, 0xF7, 0xE0, 0xF9, 0xD2, 0x15, 0xF9, 0xA8, 0x8B, 0x05, 0x8B, 0xFB, 
  0x31, 0x05, 0xFD, 0xA8, 0x8B, 0x05, 0x8B, 0xF7, 0x31, 0x05, 0xFB, 0x37, 
  0xF9, 0x06, 0x15, 0xF7, 0x55, 0x8B, 0x05, 0x8B, 0x1C, 0xFA, 0x50, 0x05, 
  0xFB, 0x55, 0x8B, 0x05, 0x8B, 0x1C, 0x05, 0xB0, 0x05, 0xFA, 0x33, 0x8B, 
  0x15, 0xF7, 0x54, 0x8B, 0x05, 0x8B, 0x1C, 0xFA, 0x50, 0x05, 0xFB, 0x54, 
  0x8B, 0x05, 0x8B, 0x1C, 0x05, 0xB0, 0x05, 0x0E, 0xF8, 0xC1, 0xF7, 0x4B, 
  0x1C, 0x05, 0xB0, 0x15, 0xF7, 0x55, 0x8B, 0x05, 0x8B, 0x1C, 0xFA, 0x50, 
  0x05, 0xFB, 0x55, 0x8B, 0x05, 0x8B, 0x1C, 0x05, 0xB0, 0x05, 0x0E, 0xFA, 
  0xFE, 0xF9, 0xA0, 0xF8, 0x3D, 0x15, 0x8B, 0x8B, 0x05, 0x8B, 0xFA, 0x9B, 
  0x05, 0xF7, 0x54, 0x8B, 0x05, 0x8B, 0xFE, 0x9B, 0x05, 0x8B, 0x2B, 0x77, 
  0x3A, 0x64, 0x49, 0x08, 0x64, 0x49, 0x54, 0x59, 0x47, 0x69, 0x08, 0x46, 
  0x68, 0x3B, 0x7A, 0x32, 0x8B, 0x08, 0x8B, 0x8B, 0x05, 0x32, 0x8B, 0x3B, 
  0x9A, 0x46, 0xAA, 0x08, 0x46, 0xAA, 0x54, 0xB9, 0x64, 0xCA, 0x08, 0x64, 
  0xCA, 0x77, 0xDA, 0x8B, 0xEA, 0x08, 0x8B, 0x8B, 0x05, 0xF7, 0x55, 0x8B, 
  0x05, 0x8B, 0x4E, 0x96, 0x58, 0xA2, 0x64, 0x08, 0xA2, 0x64, 0xAA, 0x6E, 
  0xB4, 0x78, 0x08, 0xB3, 0x78, 0xB9, 0x82, 0xBF, 0x8B, 0x08, 0x8B, 0x8B, 
  0x05, 0xBE, 0x8B, 0xB8, 0x96, 0xB4, 0xA1, 0x08, 0xB3, 0xA0, 0xAB, 0xAC, 
  0xA2, 0xB6, 0x08, 0xA2, 0xB6, 0x97, 0xBF, 0x8B, 0xCA, 0x08, 0x0E, 0x1C, 
  0x05, 0x05, 0xF7, 0x3D, 0x1C, 0x05, 0xB0, 0x15, 0xF7, 0x55, 0x8B, 0x05, 
  0x8B, 0x1C, 0xFA, 0x50, 0x05, 0xFB, 0x55, 0x8B, 0x05, 0x8B, 0x1C, 0x05, 
  0xB0, 0x05, 0xF9, 0xDC, 0x8B, 0x15, 0xF7, 0x7C, 0x8B, 0x05, 0xFC, 0xF1, 
  0xFD, 0x3B, 0x05, 0xFB, 0xE8, 0xFB, 0xF5, 0x05, 0x6B, 0xF7, 0x62, 0x05, 
  0xF7, 0x94, 0xF7, 0xAE, 0x05, 0xF8, 0x7D, 0xF8, 0xB4, 0x05, 0xF7, 0xA8, 
  0x1C, 0xFA, 0x50, 0x15, 0xFB, 0x7A, 0x8B, 0x05, 0xFC, 0xAF, 0xF9, 0x5A, 
  0x05, 0xF7, 0x07, 0xF7, 0x2D, 0x05, 0xF9, 0x22, 0xFD, 0xF3, 0x05, 0x0E, 
  0xFA, 0xE3, 0xF7, 0xD8, 0xF7, 0x31, 0x15, 0xF9, 0x6C, 0x8B, 0x05, 0x8B, 
  0xFB, 0x31, 0x05, 0xFD, 0x6C, 0x8B, 0x05, 0x8B, 0xF7, 0x31, 0x05, 0xFB, 
  0x2F, 0x1C, 0x05, 0x13, 0x15, 0xF7, 0x55, 0x8B, 0x05, 0x8B, 0x1C, 0xFA, 
  0x50, 0x05, 0xFB, 0x55, 0x8B, 0x05, 0x8B, 0x1C, 0x05, 0xB0, 0x05, 0x0E, 
  0x1C, 0x06, 0xFC, 0xF9, 0xC8, 0x8B, 0x15, 0xFC, 0xE2, 0x1C, 0x05, 0xB0, 
  0x05, 0xF7, 0x4F, 0x8B, 0x05, 0xF8, 0x71, 0x1C, 0xFB, 0x5D, 0x05, 0xF8, 
  0x70, 0x1C, 0x04, 0xA3, 0x05, 0xF7, 0x50, 0x8B, 0x05, 0xFC, 0xE4, 0x1C, 
  0xFA, 0x50, 0x05, 0xFB, 0x26, 0x8B, 0x05, 0xFD, 0x1F, 0x8B, 0x15, 0x8B, 
  0x1C, 0x05, 0xB0, 0x05, 0xF7, 0x39, 0x8B, 0x05, 0xA6, 0xFE, 0x0C, 0x05, 
  0x8B, 0xFC, 0xCC, 0x05, 0xFB, 0x54, 0x8B, 0x05, 0x1C, 0x04, 0xE9, 0xF8, 
  0xCC, 0x15, 0xA6, 0xFA, 0x0C, 0x05, 0xF7, 0x39, 0x8B, 0x05, 0x8B, 0x1C, 
  0xFA, 0x50, 0x05, 0xFB, 0x54, 0x8B, 0x05, 0x8B, 0xF8, 0xCC, 0x05, 0x0E, 
  0x1C, 0x05, 0xB5, 0xFA, 0xDE, 0x1C, 0x05, 0xB0, 0x15, 0xF7, 0x53, 0x8B, 
  0x05, 0x8B, 0x1C, 0xFA, 0x50, 0x05, 0xFB, 0x56, 0x8B, 0x05, 0xFD, 0x71, 
  0xFA, 0xF7, 0x05, 0x8B, 0xFE, 0xF7, 0x05, 0xFB, 0x55, 0x8B, 0x05, 0x8B, 
  0x1C, 0x05, 0xB0, 0x05, 0xF7, 0x55, 0x8B, 0x05, 0xF9, 0x74, 0xFE, 0xFA, 
  0x05, 0x8B, 0xFA, 0xFA, 0x05, 0x0E, 0x1C, 0x05, 0x81, 0x1C, 0x05, 0x0A, 
  0xF9, 0x9A, 0x15, 0x8B, 0x8B, 0x05, 0x8B, 0x2F, 0x05, 0x8B, 0xFB, 0x01, 
  0x7D, 0x29, 0x70, 0x34, 0x08, 0x70, 0x34, 0x63, 0x42, 0x58, 0x4E, 0x08, 
  0x58, 0x4E, 0x4D, 0x5D, 0x44, 0x6B, 0x08, 0x43, 0x6B, 0x3B, 0x7B, 0x32, 
  0x8B, 0x08, 0x8B, 0x8B, 0x05, 0x35, 0x8B, 0x3C, 0x9B, 0x44, 0xAB, 0x08, 
  0x43, 0xAB, 0x4D, 0xB9, 0x57, 0xC8, 0x08, 0x56, 0xC8, 0x63, 0xD4, 0x6E, 
  0xE2, 0x08, 0x6E, 0xE2, 0x7D, 0xED, 0x8B, 0xF7, 0x01, 0x08, 0x8B, 0x8B, 
  0x05, 0x8B, 0xE7, 0x05, 0x8B, 0xF7, 0x01, 0x99, 0xED, 0xA8, 0xE2, 0x08, 
  0xA7, 0xE1, 0xB3, 0xD5, 0xBF, 0xC8, 0x08, 0xBF, 0xC8, 0xC9, 0xB9, 0xD3, 
  0xAB, 0x08, 0xD2, 0xAB, 0xDA, 0x9B, 0xE1, 0x8B, 0x08, 0x8B, 0x8B, 0x05, 
  0xE4, 0x8B, 0xDB, 0x7B, 0xD3, 0x6B, 0x08, 0xD2, 0x6B, 0xC9, 0x5D, 0xBF, 
  0x4E, 0x08, 0xBE, 0x4E, 0xB3, 0x41, 0xA7, 0x35, 0x08, 0xA6, 0x34, 0x99, 
  0x29, 0x8B, 0xFB, 0x01, 0x08, 0xFB, 0x53, 0x2F, 0x15, 0x8B, 0x8B, 0x05, 
  0x8B, 0xE9, 0x05, 0x8B, 0xE2, 0x82, 0xD7, 0x7A, 0xCE, 0x08, 0x79, 0xCE, 
  0x71, 0xC3, 0x69, 0xB8, 0x08, 0x69, 0xB8, 0x61, 0xAE, 0x5B, 0xA2, 0x08, 
  0x5A, 0xA2, 0x53, 0x97, 0x4D, 0x8B, 0x08, 0x8B, 0x8B, 0x05, 0x4F, 0x8B, 
  0x55, 0x7F, 0x5B, 0x74, 0x08, 0x5A, 0x74, 0x62, 0x68, 0x69, 0x5E, 0x08, 
  0x68, 0x5E, 0x71, 0x53, 0x78, 0x48, 0x08, 0x78, 0x48, 0x82, 0x3F, 0x8B, 
  0x34, 0x08, 0x8B, 0x8B, 0x05, 0x8B, 0x2D, 0x05, 0x8B, 0x34, 0x94, 0x3E, 
  0x9E, 0x48, 0x08, 0x9E, 0x48, 0xA6, 0x52, 0xAE, 0x5E, 0x08, 0xAE, 0x5D, 
  0xB4, 0x68, 0xBC, 0x74, 0x08, 0xBB, 0x74, 0xC1, 0x7F, 0xC7, 0x8B, 0x08, 
  0x8B, 0x8B, 0x05, 0xCA, 0x8B, 0xC2, 0x97, 0xBC, 0xA2, 0x08, 0xBC, 0xA2, 
  0xB4, 0xAE, 0xAD, 0xB9, 0x08, 0xAC, 0xB8, 0xA5, 0xC4, 0x9C, 0xCE, 0x08, 
  0x9C, 0xCE, 0x94, 0xD8, 0x8B, 0xE2, 0x08, 0x0E, 0x1C, 0x05, 0x0C, 0xF9, 
  0x56, 0xF8, 0xCF, 0x15, 0x8B, 0x8B, 0x05, 0xFC, 0x19, 0x8B, 0x05, 0x8B, 
  0xF7, 0x31, 0x05, 0xF8, 0x19, 0x8B, 0x05, 0xD6, 0x8B, 0xC8, 0x97, 0xBA, 
  0xA3, 0x08, 0xBA, 0xA3, 0xAD, 0xAC, 0xA1, 0xB6, 0x08, 0xA0, 0xB6, 0x96, 
  0xBB, 0x8B, 0xC2, 0x08, 0x8B, 0x8B, 0x05, 0x8B, 0xBD, 0x80, 0xBA, 0x76, 
  0xB7, 0x08, 0x75, 0xB7, 0x69, 0xAF, 0x5C, 0xA6, 0x08, 0x5C, 0xA6, 0x4E, 
  0x98, 0x40, 0x8B, 0x08, 0x8B, 0x8B, 0x05, 0xFB, 0xEC, 0x8B, 0x05, 0x8B, 
  0x1C, 0xFA, 0xEE, 0x05, 0xFB, 0x55, 0x8B, 0x05, 0x8B, 0x1C, 0x05, 0xB0, 
  0x05, 0xF8, 0xAD, 0x8B, 0x05, 0xF7, 0x02, 0x8B, 0xE8, 0x78, 0xD7, 0x65, 
  0x08, 0xD7, 0x65, 0xC5, 0x57, 0xB2, 0x48, 0x08, 0xB2, 0x48, 0x9F, 0x3E, 
  0x8B, 0x35, 0x08, 0x8B, 0x8B, 0x05, 0x8B, 0x2E, 0x77, 0x3B, 0x64, 0x49, 
  0x08, 0x64, 0x49, 0x51, 0x59, 0x3F, 0x69, 0x08, 0x3F, 0x68, 0x2E, 0x7A, 
  0xFB, 0x02, 0x8B, 0x08, 0x0E, 0x1C, 0x05, 0x81, 0xF9, 0xAC, 0xB6, 0x15, 
  0xF7, 0x10, 0xF7, 0x10, 0x05, 0xF8, 0x06, 0xFB, 0xB9, 0x05, 0xFB, 0x16, 
  0xFB, 0x0C, 0x05, 0xFC, 0x00, 0xF7, 0xB5, 0x05, 0xF8, 0x7D, 0xF9, 0x6F, 
  0x15, 0x8B, 0x8B, 0x05, 0x8B, 0x2F, 0x05, 0x8B, 0xFB, 0x01, 0x7D, 0x29, 
  0x70, 0x34, 0x08, 0x70, 0x34, 0x63, 0x42, 0x58, 0x4E, 0x08, 0x58, 0x4E, 
  0x4D, 0x5D, 0x44, 0x6B, 0x08, 0x43, 0x6B, 0x3B, 0x7B, 0x32, 0x8B, 0x08, 
  0x8B, 0x8B, 0x05, 0x35, 0x8B, 0x3C, 0x9B, 0x44, 0xAB, 0x08, 0x43, 0xAB, 
  0x4D, 0xB9, 0x57, 0xC8, 0x08, 0x56, 0xC8, 0x63, 0xD4, 0x6E, 0xE2, 0x08, 
  0x6E, 0xE2, 0x7D, 0xED, 0x8B, 0xF7, 0x01, 0x08, 0x8B, 0x8B, 0x05, 0x8B, 
  0xE7, 0x05, 0x8B, 0xF7, 0x01, 0x99, 0xED, 0xA8, 0xE2, 0x08, 0xA7, 0xE1, 
  0xB3, 0xD5, 0xBF, 0xC8, 0x08, 0xBF, 0xC8, 0xC9, 0xB9, 0xD3, 0xAB, 0x08, 
  0xD2, 0xAB, 0xDA, 0x9B, 0xE1, 0x8B, 0x08, 0x8B, 0x8B, 0x05, 0xE4, 0x8B, 
  0xDB, 0x7B, 0xD3, 0x6B, 0x08, 0xD3, 0x6B, 0xC9, 0x5D, 0xBE, 0x4E, 0x08, 
  0xBE, 0x4E, 0xB3, 0x41, 0xA7, 0x35, 0x08, 0xA6, 0x34, 0x99, 0x29, 0x8B, 
  0xFB, 0x01, 0x08, 0xFB, 0x53, 0x2F, 0x15, 0x8B, 0x8B, 0x05, 0x8B, 0xE9, 
  0x05, 0x8B, 0xE2, 0x82, 0xD7, 0x7A, 0xCE, 0x08, 0x79, 0xCE, 0x71, 0xC3, 
  0x69, 0xB8, 0x08, 0x69, 0xB8, 0x62, 0xAE, 0x5A, 0xA2, 0x08, 0x5A, 0xA2, 
  0x54, 0x97, 0x4C, 0x8B, 0x08, 0x8B, 0x8B, 0x05, 0x50, 0x8B, 0x55, 0x7F, 
  0x5B, 0x74, 0x08, 0x5A, 0x74, 0x62, 0x68, 0x68, 0x5E, 0x08, 0x68, 0x5E, 
  0x71, 0x53, 0x78, 0x48, 0x08, 0x78, 0x48, 0x82, 0x3F, 0x8B, 0x34, 0x08, 
  0x8B, 0x8B, 0x05, 0x8B, 0x2D, 0x05, 0x8B, 0x34, 0x94, 0x3E, 0x9E, 0x48, 
  0x08, 0x9E, 0x48, 0xA6, 0x52, 0xAE, 0x5E, 0x08, 0xAE, 0x5D, 0xB4, 0x68, 
  0xBC, 0x74, 0x08, 0xBC, 0x74, 0xC1, 0x7F, 0xC6, 0x8B, 0x08, 0x8B, 0x8B, 
  0x05, 0xCA, 0x8B, 0xC2, 0x97, 0xBC, 0xA2, 0x08, 0xBC, 0xA2, 0xB4, 0xAE, 
  0xAD, 0xB9, 0x08, 0xAC, 0xB8, 0xA5, 0xC4, 0x9C, 0xCE, 0x08, 0x9C, 0xCE, 
  0x94, 0xD8, 0x8B, 0xE2, 0x08, 0x0E, 0x1C, 0x04, 0xEE, 0xF7, 0x3D, 0x8B, 
  0x15, 0x8B, 0x1C, 0x05, 0xB0, 0x05, 0xF8, 0x76, 0x8B, 0x05, 0xF7, 0x01, 
  0x8B, 0xE8, 0x7A, 0xD7, 0x6A, 0x08, 0xD6, 0x6A, 0xC5, 0x5A, 0xB3, 0x4A, 
  0x08, 0xB2, 0x4A, 0x9F, 0x3B, 0x8B, 0x2C, 0x08, 0x8B, 0x8B, 0x05, 0x8B, 
  0x48, 0x7E, 0x4F, 0x70, 0x54, 0x08, 0x70, 0x54, 0x64, 0x5C, 0x59, 0x65, 
  0x08, 0x58, 0x64, 0x4F, 0x6F, 0x45, 0x78, 0x08, 0x8B, 0x8B, 0x05, 0x55, 
  0x76, 0x05, 0xFC, 0x59, 0x8B, 0x05, 0x89, 0xF7, 0x31, 0x05, 0xF7, 0xEA, 
  0x8B, 0x05, 0xD0, 0x8B, 0xC5, 0x97, 0xB9, 0xA4, 0x08, 0xB9, 0xA3, 0xAE, 
  0xAC, 0xA2, 0xB4, 0x08, 0xA2, 0xB4, 0x97, 0xB9, 0x8B, 0xBD, 0x08, 0x8B, 
  0x8B, 0x05, 0x8B, 0xC3, 0x80, 0xBC, 0x75, 0xB5, 0x08, 0x75, 0xB5, 0x69, 
  0xAC, 0x5C, 0xA2, 0x08, 0x5C, 0xA2, 0x4E, 0x96, 0x41, 0x8B, 0x08, 0x8B, 
  0x8B, 0x05, 0xFB, 0xB5, 0x8B, 0x05, 0x8B, 0x1C, 0xFA, 0xEE, 0x05, 0xFB, 
  0x55, 0x8B, 0x05, 0xFA, 0xB5, 0x8B, 0x15, 0xFB, 0x62, 0x8B, 0x05, 0xFB, 
  0xF6, 0xF9, 0x28, 0x05, 0xF7, 0x5D, 0x8C, 0x05, 0xF7, 0xFB, 0xFD, 0x1D, 
  0x05, 0x8B, 0x7F, 0x05, 0x0E, 0x1C, 0x04, 0xC0, 0xFA, 0x45, 0xF8, 0x04, 
  0x15, 0x8B, 0x8B, 0x05, 0x8B, 0xAD, 0x86, 0xA9, 0x81, 0xA6, 0x08, 0x80, 
  0xA5, 0x79, 0xA3, 0x72, 0xA0, 0x08, 0x71, 0xA0, 0x68, 0xA0, 0x5E, 0x9E, 
  0x08, 0x5E, 0x9E, 0x52, 0x9F, 0x46, 0x9F, 0x08, 0x8B, 0x8B, 0x05, 0x43, 
  0xA0, 0x4A, 0xA3, 0x51, 0xA6, 0x08, 0x51, 0xA5, 0x59, 0xA9, 0x62, 0xAD, 
  0x08, 0x62, 0xAD, 0x6B, 0xB2, 0x75, 0xB7, 0x08, 0x75, 0xB7, 0x80, 0xBD, 
  0x8B, 0xC4, 0x08, 0x8B, 0x8B, 0x05, 0x8B, 0xC4, 0x97, 0xBF, 0xA2, 0xBB, 
  0x08, 0xA2, 0xBB, 0xAD, 0xB5, 0xB7, 0xAF, 0x08, 0xB6, 0xAE, 0xBF, 0xA7, 
  0xC8, 0x9F, 0x08, 0xC8, 0x9F, 0xCE, 0x95, 0xD6, 0x8B, 0x08, 0x8B, 0x8B, 
  0x05, 0xF7, 0x01, 0x8B, 0xE8, 0x76, 0xD8, 0x62, 0x08, 0xD7, 0x61, 0xC5, 
  0x55, 0xB3, 0x48, 0x08, 0xB3, 0x48, 0x9F, 0x43, 0x8B, 0x3F, 0x08, 0x8B, 
  0x8B, 0x05, 0xFB, 0x54, 0x8B, 0x05, 0x8B, 0xC2, 0x7F, 0xBB, 0x74, 0xB6, 
  0x08, 0x74, 0xB5, 0x67, 0xAC, 0x5C, 0xA4, 0x08, 0x5C, 0xA3, 0x4F, 0x97, 
  0x42, 0x8B, 0x08, 0x8B, 0x8B, 0x05, 0x46, 0x8B, 0x53, 0x81, 0x5E, 0x76, 
  0x08, 0x5E, 0x76, 0x6A, 0x6F, 0x76, 0x68, 0x08, 0x75, 0x68, 0x80, 0x62, 
  0x8B, 0x5E, 0x08, 0x8B, 0x8B, 0x05, 0x8B, 0x6C, 0x92, 0x70, 0x98, 0x72, 
  0x08, 0x98, 0x72, 0x9F, 0x73, 0xA7, 0x76, 0x08, 0xA6, 0x76, 0xAE, 0x77, 
  0xB7, 0x79, 0x08, 0xB6, 0x79, 0xBE, 0x7A, 0xC7, 0x7A, 0x08, 0x8B, 0x8B, 
  0x05, 0xDE, 0x74, 0xD2, 0x71, 0xC7, 0x6E, 0x08, 0xC7, 0x6E, 0xBC, 0x6B, 
  0xB3, 0x68, 0x08, 0xB2, 0x67, 0xA8, 0x63, 0x9E, 0x5E, 0x08, 0x9E, 0x5E, 
  0x94, 0x58, 0x8B, 0x52, 0x08, 0x8B, 0x8B, 0x05, 0x8B, 0x50, 0x7F, 0x55, 
  0x73, 0x5B, 0x08, 0x73, 0x5B, 0x69, 0x62, 0x5E, 0x69, 0x08, 0x5E, 0x69, 
  0x56, 0x71, 0x4D, 0x79, 0x08, 0x4C, 0x78, 0x46, 0x82, 0x3E, 0x8B, 0x08, 
  0x8B, 0x8B, 0x05, 0x48, 0x8B, 0x49, 0x94, 0x4A, 0x9E, 0x08, 0x4A, 0x9E, 
  0x50, 0xA7, 0x56, 0xB0, 0x08, 0x56, 0xB0, 0x60, 0xBA, 0x6C, 0xC2, 0x08, 
  0x6B, 0xC2, 0x7B, 0xCA, 0x8B, 0xD4, 0x08, 0x8B, 0x8B, 0x05, 0xF7, 0x54, 
  0x8B, 0x05, 0x8B, 0x59, 0x95, 0x60, 0x9E, 0x68, 0x08, 0x9E, 0x67, 0xA6, 
  0x6D, 0xAD, 0x74, 0x08, 0xAC, 0x74, 0xB2, 0x7A, 0xB6, 0x80, 0x08, 0xB6, 
  0x80, 0xB7, 0x85, 0xBA, 0x8B, 0x08, 0x8B, 0x8B, 0x05, 0xCE, 0x8B, 0xC4, 
  0x94, 0xBA, 0x9E, 0x08, 0xBA, 0x9E, 0xAE, 0xA5, 0xA4, 0xAE, 0x08, 0xA3, 
  0xAE, 0x97, 0xB4, 0x8B, 0xBA, 0x08, 0x0E, 0x1C, 0x04, 0xC6, 0xF8, 0x99, 
  0x1C, 0x05, 0xB0, 0x15, 0xF7, 0x52, 0x8B, 0x05, 0x8B, 0x1C, 0xFA, 0x50, 
  0x05, 0xFB, 0x52, 0x8B, 0x05, 0x8B, 0x1C, 0x05, 0xB0, 0x05, 0xFC, 0x67, 
  0x8B, 0x15, 0xFA, 0xF9, 0x8B, 0x05, 0x8B, 0xFB, 0x32, 0x05, 0xFE, 0xF9, 
  0x8B, 0x05, 0x8B, 0xF7, 0x32, 0x05, 0x0E, 0x1C, 0x05, 0x30, 0xFA, 0x7E, 
  0xF8, 0x6B, 0x15, 0x8B, 0xFA, 0x6D, 0x05, 0xF7, 0x54, 0x8B, 0x05, 0x8B, 
  0xFE, 0x6D, 0x05, 0x8B, 0xFB, 0x01, 0x73, 0x30, 0x5A, 0x42, 0x08, 0x5A, 
  0x42, 0x4B, 0x55, 0x3B, 0x67, 0x08, 0x3A, 0x66, 0x34, 0x79, 0x2D, 0x8B, 
  0x08, 0x8B, 0x8B, 0x05, 0x28, 0x8B, 0x32, 0x9D, 0x3C, 0xB0, 0x08, 0x3B, 
  0xAF, 0x4C, 0xC1, 0x5D, 0xD4, 0x08, 0x5C, 0xD4, 0x74, 0xE6, 0x8B, 0xF7, 
  0x01, 0x08, 0x8B, 0x8B, 0x05, 0x8B, 0xFA, 0x6D, 0x05, 0xF7, 0x53, 0x8B, 
  0x05, 0x8B, 0xFE, 0x6D, 0x05, 0x8B, 0x3F, 0x99, 0x4C, 0xA7, 0x5A, 0x08, 
  0xA7, 0x5A, 0xB2, 0x66, 0xBE, 0x73, 0x08, 0xBD, 0x73, 0xC5, 0x7F, 0xCE, 
  0x8B, 0x08, 0x8B, 0x8B, 0x05, 0xCE, 0x8B, 0xC6, 0x97, 0xBE, 0xA3, 0x08, 
  0xBD, 0xA3, 0xB2, 0xB0, 0xA7, 0xBC, 0x08, 0xA7, 0xBC, 0x99, 0xCA, 0x8B, 
  0xD7, 0x08, 0x8B, 0x8B, 0x05, 0x0E, 0x1C, 0x05, 0x18, 0xF8, 0xE1, 0x8B, 
  0x15, 0xBD, 0xF7, 0x71, 0x05, 0xF8, 0x41, 0x1C, 0x04, 0xD3, 0x05, 0xF7, 
  0x65, 0x8B, 0x05, 0xFC, 0xAF, 0x1C, 0xFA, 0x50, 0x05, 0xFB, 0x29, 0x8B, 
  0x05, 0xFC, 0xC4, 0x1C, 0x05, 0xB0, 0x15, 0xF7, 0x65, 0x8B, 0x05, 0xF8, 
  0x3D, 0x1C, 0xFB, 0x2D, 0x05, 0xC0, 0xFB, 0x71, 0x05, 0xFB, 0x29, 0x8B, 
  0x05, 0xFC, 0xAE, 0x1C, 0x05, 0xB0, 0x05, 0x0E, 0x1C, 0x07, 0x19, 0xF8, 
  0x56, 0x8B, 0x15, 0xF1, 0xF8, 0x4C, 0x05, 0xF7, 0xB5, 0xFA, 0x8C, 0x05, 
  0xF7, 0x20, 0x8B, 0x05, 0x3A, 0xFC, 0x1F, 0x05, 0xFB, 0xCB, 0xFE, 0xB9, 
  0x05, 0xFB, 0x1F, 0x8B, 0x05, 0xFC, 0x19, 0x1C, 0x05, 0xB0, 0x15, 0xF7, 
  0x54, 0x8B, 0x05, 0xF7, 0x7A, 0xFE, 0x78, 0x05, 0xD0, 0xFC, 0x60, 0x05, 
  0xFB, 0x1E, 0x8B, 0x05, 0xFB, 0xF5, 0x1C, 0x05, 0xB0, 0x05, 0x1C, 0x04, 
  0xC6, 0x1C, 0xFA, 0x50, 0x15, 0xD3, 0xF8, 0x61, 0x05, 0xF7, 0x75, 0xFA, 
  0x77, 0x05, 0xF7, 0x55, 0x8B, 0x05, 0xFB, 0xF4, 0x1C, 0xFA, 0x50, 0x05, 
  0xFB, 0x1E, 0x8B, 0x05, 0xFC, 0x37, 0x1C, 0x05, 0xB0, 0x15, 0xF7, 0x1E, 
  0x8B, 0x05, 0xF7, 0xAD, 0xFE, 0x8C, 0x05, 0xF1, 0xFC, 0x4C, 0x05, 0xFB, 
  0x1F, 0x8B, 0x05, 0xFB, 0xC0, 0xFA, 0xB9, 0x05, 0x39, 0xF8, 0x1F, 0x05, 
  0x0E, 0x1C, 0x05, 0x04, 0xD0, 0x1C, 0x05, 0xB0, 0x15, 0xF7, 0x75, 0x8B, 
  0x05, 0xF7, 0xF2, 0xFC, 0xC2, 0x05, 0xF7, 0xF2, 0xF8, 0xC2, 0x05, 0xF7, 
  0x75, 0x8B, 0x05, 0xFC, 0x60, 0xFD, 0x65, 0x05, 0xF8, 0x6B, 0xFD, 0x73, 
  0x05, 0xFB, 0x77, 0x8B, 0x05, 0xFB, 0xFB, 0xF8, 0xCD, 0x05, 0xFB, 0xFB, 
  0xFC, 0xCD, 0x05, 0xFB, 0x77, 0x8B, 0x05, 0xF8, 0x6B, 0xF9, 0x73, 0x05, 
  0xFC, 0x60, 0xF9, 0x65, 0x05, 0x0E, 0x1C, 0x04, 0xCE, 0x9A, 0x1C, 0x05, 
  0xB0, 0x15, 0xF7, 0x71, 0x8B, 0x05, 0xF8, 0x0E, 0xFD, 0x6F, 0x05, 0xF8, 
  0x0F, 0xF9, 0x6F, 0x05, 0xF7, 0x6F, 0x8B, 0x05, 0xFC, 0x8A, 0xFE, 0x24, 
  0x05, 0x8B, 0xFC, 0xB4, 0x05, 0xFB, 0x55, 0x8B, 0x05, 0x8B, 0xF8, 0xB4, 
  0x05, 0xFC, 0x8A, 0xFA, 0x24, 0x05, 0x0E, 0x1C, 0x04, 0xCB, 0xF7, 0x34, 
  0xF7, 0x31, 0x15, 0xFA, 0x6E, 0x8B, 0x05, 0x8B, 0xFB, 0x31, 0x05, 0xFE, 
  0x6E, 0x8B, 0x05, 0x8B, 0xF7, 0x31, 0x05, 0xFA, 0x4E, 0x1C, 0x05, 0x13, 
  0x15, 0x8B, 0xFB, 0x20, 0x05, 0xFE, 0x20, 0x1C, 0xFA, 0xDC, 0x05, 0xFB, 
  0x0B, 0x8B, 0x05, 0x8B, 0xF7, 0x24, 0x05, 0xFA, 0x1F, 0x1C, 0x05, 0x20, 
  0x05, 0xF7, 0x0C, 0x8B, 0x05, 0xFE, 0x8A, 0x8B, 0x15, 0xFA, 0x38, 0x8B, 
  0x05, 0x8B, 0xFB, 0x32, 0x05, 0xFE, 0x38, 0x8B, 0x05, 0x8B, 0xF7, 0x32, 
  0x05, 0x0E, 0xFA, 0xEE, 0xF9, 0x9F, 0xF7, 0x4D, 0x15, 0x8B, 0x8B, 0x05, 
  0x8B, 0xF8, 0xC1, 0x05, 0x8B, 0xB6, 0x82, 0xB0, 0x7B, 0xAB, 0x08, 0x7A, 
  0xAA, 0x71, 0xA4, 0x69, 0x9C, 0x08, 0x69, 0x9C, 0x61, 0x94, 0x59, 0x8B, 
  0x08, 0x8B, 0x8B, 0x05, 0x5C, 0x8B, 0x62, 0x83, 0x69, 0x7B, 0x08, 0x68, 
  0x7B, 0x6F, 0x76, 0x78, 0x71, 0x08, 0x77, 0x71, 0x81, 0x6F, 0x8B, 0x6D, 
  0x08, 0x8B, 0x8B, 0x05, 0xFB, 0x4D, 0x8B, 0x05, 0x8B, 0xB2, 0x95, 0xB1, 
  0x9F, 0xB1, 0x08, 0x9F, 0xB1, 0xA8, 0xAE, 0xB1, 0xAA, 0x08, 0xB0, 0xAA, 
  0xB9, 0xA3, 0xC0, 0x9E, 0x08, 0xC0, 0x9D, 0xC6, 0x94, 0xCC, 0x8B, 0x08, 
  0x8B, 0x8B, 0x05, 0xDA, 0x8B, 0xD0, 0x7E, 0xC8, 0x70, 0x08, 0xC7, 0x70, 
  0xBA, 0x63, 0xAE, 0x56, 0x08, 0xAD, 0x55, 0x9C, 0x48, 0x8B, 0x3A, 0x08, 
  0x8B, 0x8B, 0x05, 0x8B, 0xFC, 0x8C, 0x05, 0x8B, 0x67, 0x8E, 0x65, 0x92, 
  0x62, 0x08, 0x91, 0x62, 0x94, 0x68, 0x98, 0x6E, 0x08, 0x8B, 0x8B, 0x05, 
  0x8B, 0x7B, 0x05, 0xFB, 0x55, 0x8B, 0x05, 0x82, 0xA0, 0x83, 0xA8, 0x86, 
  0xAF, 0x08, 0x86, 0xAE, 0x88, 0xAC, 0x8B, 0xAA, 0x08, 0xFB, 0x4B, 0xF8, 
  0x6B, 0x15, 0xF7, 0x6B, 0x8B, 0x05, 0x8D, 0xFB, 0x16, 0x05, 0xFB, 0x4F, 
  0x8B, 0x05, 0x56, 0x8B, 0x5C, 0x87, 0x62, 0x83, 0x08, 0x62, 0x82, 0x68, 
  0x7F, 0x6F, 0x7A, 0x08, 0x6F, 0x7A, 0x76, 0x76, 0x7C, 0x73, 0x08, 0x7C, 
  0x72, 0x84, 0x6D, 0x8B, 0x6A, 0x08, 0x8B, 0x8B, 0x05, 0x8B, 0x69, 0x93, 
  0x6C, 0x9A, 0x6F, 0x08, 0x9A, 0x6F, 0xA3, 0x75, 0xAA, 0x7B, 0x08, 0xAA, 
  0x7A, 0xB1, 0x83, 0xB8, 0x8B, 0x08, 0x8B, 0x8B, 0x05, 0xC4, 0x8B, 0xBD, 
  0x97, 0xB6, 0xA3, 0x08, 0xB6, 0xA3, 0xAE, 0xA8, 0xA5, 0xAE, 0x08, 0xA4, 
  0xAE, 0x99, 0xAC, 0x8D, 0xAC, 0x08, 0x8B, 0x8B, 0x05, 0xDA, 0x32, 0x05, 
  0x86, 0x6F, 0x7F, 0x6C, 0x76, 0x69, 0x08, 0x76, 0x69, 0x70, 0x6B, 0x69, 
  0x6C, 0x08, 0x68, 0x6C, 0x63, 0x71, 0x5C, 0x77, 0x08, 0x5C, 0x76, 0x56, 
  0x81, 0x50, 0x8B, 0x08, 0x8B, 0x8B, 0x05, 0x42, 0x8B, 0x4B, 0x99, 0x54, 
  0xA8, 0x08, 0x54, 0xA8, 0x60, 0xB1, 0x6D, 0xBC, 0x08, 0x6C, 0xBB, 0x7C, 
  0xC1, 0x8B, 0xC7, 0x08, 0x8B, 0x8B, 0x05, 0x8B, 0xC5, 0x96, 0xBE, 0xA2, 
  0xB8, 0x08, 0xA2, 0xB7, 0xAB, 0xB0, 0xB6, 0xA9, 0x08, 0xB6, 0xA8, 0xBE, 
  0xA2, 0xC7, 0x9A, 0x08, 0xC7, 0x9A, 0xCE, 0x93, 0xD5, 0x8B, 0x08, 0x8B, 
  0x8B, 0x05, 0x0E, 0x1C, 0x04, 0x7E, 0xF7, 0x20, 0x8B, 0x15, 0x8B, 0x1C, 
  0x06, 0x00, 0x05, 0xF7, 0x4E, 0x8B, 0x05, 0x8B, 0x1C, 0xFA, 0xD2, 0x05, 
  0x7B, 0xFB, 0x66, 0x05, 0xFB, 0x3E, 0x8B, 0x05, 0xFA, 0x29, 0xF8, 0xBA, 
  0x15, 0x8B, 0x8B, 0x05, 0x8B, 0x76, 0x05, 0x8B, 0x3C, 0x82, 0x43, 0x78, 
  0x48, 0x08, 0x78, 0x48, 0x70, 0x50, 0x67, 0x5A, 0x08, 0x67, 0x5A, 0x5F, 
  0x64, 0x57, 0x70, 0x08, 0x57, 0x70, 0x4F, 0x7D, 0x48, 0x8B, 0x08, 0x8B, 
  0x8B, 0x05, 0x46, 0x8B, 0x4F, 0x97, 0x58, 0xA3, 0x08, 0x57, 0xA2, 0x5F, 
  0xAD, 0x68, 0xB8, 0x08, 0x68, 0xB8, 0x6F, 0xC1, 0x76, 0xCA, 0x08, 0x76, 
  0xCA, 0x7C, 0xD3, 0x83, 0xDA, 0x08, 0x8B, 0x8B, 0x05, 0x8B, 0xE7, 0x05, 
  0x93, 0xDB, 0x99, 0xD3, 0xA1, 0xCA, 0x08, 0xA0, 0xCA, 0xA7, 0xC1, 0xAE, 
  0xB9, 0x08, 0xAE, 0xB8, 0xB7, 0xAD, 0xBE, 0xA3, 0x08, 0xBE, 0xA2, 0xC7, 
  0x97, 0xCF, 0x8B, 0x08, 0x8B, 0x8B, 0x05, 0xCF, 0x8B, 0xC7, 0x7E, 0xC0, 
  0x71, 0x08, 0xC0, 0x70, 0xB7, 0x66, 0xAF, 0x5A, 0x08, 0xAE, 0x5A, 0xA6, 
  0x51, 0x9E, 0x48, 0x08, 0x9E, 0x47, 0x94, 0x40, 0x8B, 0x38, 0x08, 0xFB, 
  0x4E, 0x76, 0x15, 0x8B, 0x8B, 0x05, 0x8B, 0xA0, 0x05, 0x8B, 0xC1, 0x86, 
  0xBE, 0x81, 0xBB, 0x08, 0x81, 0xBA, 0x7B, 0xB5, 0x75, 0xB0, 0x08, 0x75, 
  0xAF, 0x6E, 0xA8, 0x67, 0xA0, 0x08, 0x67, 0xA0, 0x5F, 0x95, 0x56, 0x8B, 
  0x08, 0x8B, 0x8B, 0x05, 0x5C, 0x8B, 0x63, 0x83, 0x69, 0x7B, 0x08, 0x68, 
  0x7B, 0x6E, 0x76, 0x73, 0x70, 0x08, 0x73, 0x70, 0x78, 0x6C, 0x7C, 0x69, 
  0x08, 0x7C, 0x68, 0x7F, 0x68, 0x84, 0x66, 0x08, 0x8B, 0x8B, 0x05, 0x8B, 
  0xFB, 0x85, 0x05, 0x96, 0x5C, 0x9C, 0x5F, 0xA4, 0x60, 0x08, 0xA3, 0x60, 
  0xAC, 0x67, 0xB4, 0x70, 0x08, 0xB4, 0x70, 0xBD, 0x7D, 0xC8, 0x8B, 0x08, 
  0x8B, 0x8B, 0x05, 0xBD, 0x8B, 0xB6, 0x95, 0xAF, 0xA0, 0x08, 0xAE, 0x9F, 
  0xA8, 0xA7, 0xA2, 0xAF, 0x08, 0xA1, 0xAF, 0x9B, 0xB5, 0x96, 0xBA, 0x08, 
  0x96, 0xBA, 0x90, 0xBE, 0x8B, 0xC1, 0x08, 0x0E, 0xFA, 0xC4, 0xF8, 0xD2, 
  0xF7, 0x18, 0x15, 0x8B, 0x8B, 0x05, 0xB7, 0x8B, 0xB4, 0x94, 0xB0, 0x9D, 
  0x08, 0xB0, 0x9D, 0xAA, 0xA4, 0xA3, 0xAB, 0x08, 0xA3, 0xAA, 0x99, 0xAF, 
  0x8E, 0xB4, 0x08, 0x8B, 0x8B, 0x05, 0xF7, 0x44, 0x8B, 0x05, 0x88, 0x4B, 
  0x75, 0x50, 0x64, 0x54, 0x08, 0x63, 0x54, 0x57, 0x5E, 0x4B, 0x6A, 0x08, 
  0x4B, 0x69, 0x45, 0x7A, 0x3E, 0x8B, 0x08, 0x8B, 0x8B, 0x05, 0x3A, 0x8B, 
  0x44, 0x99, 0x4F, 0xA8, 0x08, 0x4E, 0xA8, 0x59, 0xB2, 0x64, 0xBD, 0x08, 
  0x63, 0xBD, 0x6D, 0xC5, 0x78, 0xCC, 0x08, 0x77, 0xCC, 0x81, 0xCF, 0x8B, 
  0xD4, 0x08, 0x8B, 0x8B, 0x05, 0x8B, 0xB5, 0x05, 0x8B, 0xD4, 0x95, 0xD0, 
  0x9F, 0xCC, 0x08, 0x9E, 0xCC, 0xA9, 0xC4, 0xB3, 0xBD, 0x08, 0xB2, 0xBD, 
  0xBD, 0xB2, 0xC8, 0xA8, 0x08, 0xC7, 0xA8, 0xD2, 0x99, 0xDC, 0x8B, 0x08, 
  0x8B, 0x8B, 0x05, 0xE0, 0x8B, 0xD5, 0x7A, 0xCA, 0x69, 0x08, 0xCA, 0x68, 
  0xBD, 0x5D, 0xB0, 0x50, 0x08, 0xAF, 0x50, 0x9F, 0x48, 0x8E, 0x40, 0x08, 
  0x8B, 0x8B, 0x05, 0xFB, 0x44, 0x8B, 0x05, 0x88, 0xB8, 0x7E, 0xB3, 0x76, 
  0xAF, 0x08, 0x75, 0xAF, 0x6E, 0xA8, 0x66, 0xA1, 0x08, 0x66, 0xA0, 0x5F, 
  0x96, 0x5A, 0x8B, 0x08, 0x8B, 0x8B, 0x05, 0x52, 0x8B, 0x5C, 0x80, 0x65, 
  0x75, 0x08, 0x64, 0x74, 0x6D, 0x6D, 0x75, 0x66, 0x08, 0x74, 0x65, 0x7B, 
  0x61, 0x82, 0x5E, 0x08, 0x81, 0x5D, 0x86, 0x5C, 0x8B, 0x5C, 0x08, 0x8B, 
  0x8B, 0x05, 0x8B, 0x61, 0x05, 0x8B, 0x5C, 0x90, 0x5C, 0x94, 0x5D, 0x08, 
  0x94, 0x5D, 0x9B, 0x61, 0xA2, 0x66, 0x08, 0xA1, 0x66, 0xA9, 0x6D, 0xB2, 
  0x75, 0x08, 0xB1, 0x74, 0xBB, 0x80, 0xC4, 0x8B, 0x08, 0x0E, 0x1C, 0x04, 
  0x83, 0xF9, 0xDB, 0x8B, 0x15, 0x7B, 0xF7, 0x66, 0x05, 0x8B, 0x1C, 0x05, 
  0x2E, 0x05, 0xF7, 0x4E, 0x8B, 0x05, 0x8B, 0x1C, 0xFA, 0x00, 0x05, 0xFB, 
  0x3E, 0x8B, 0x05, 0xFD, 0x7C, 0xF8, 0xA5, 0x15, 0x8B, 0x8B, 0x05, 0x8B, 
  0xA0, 0x05, 0x8B, 0xDE, 0x95, 0xD6, 0xA0, 0xCF, 0x08, 0x9F, 0xCE, 0xA8, 
  0xC5, 0xB1, 0xBC, 0x08, 0xB0, 0xBC, 0xB8, 0xB0, 0xC0, 0xA6, 0x08, 0xBF, 
  0xA5, 0xC5, 0x98, 0xCC, 0x8B, 0x08, 0x8B, 0x8B, 0x05, 0xCF, 0x8B, 0xC7, 
  0x7F, 0xBE, 0x74, 0x08, 0xBE, 0x73, 0xB6, 0x68, 0xAF, 0x5F, 0x08, 0xAE, 
  0x5E, 0xA7, 0x54, 0xA0, 0x4C, 0x08, 0xA0, 0x4C, 0x99, 0x43, 0x93, 0x3B, 
  0x08, 0x8B, 0x8B, 0x05, 0x8B, 0x2F, 0x05, 0x84, 0x3C, 0x7D, 0x43, 0x76, 
  0x4C, 0x08, 0x76, 0x4C, 0x6E, 0x55, 0x68, 0x5E, 0x08, 0x67, 0x5E, 0x5F, 
  0x69, 0x58, 0x74, 0x08, 0x58, 0x73, 0x4F, 0x7F, 0x46, 0x8B, 0x08, 0x8B, 
  0x8B, 0x05, 0x4C, 0x8B, 0x51, 0x99, 0x57, 0xA6, 0x08, 0x56, 0xA6, 0x5E, 
  0xB2, 0x66, 0xBC, 0x08, 0x65, 0xBC, 0x6E, 0xC6, 0x77, 0xCE, 0x08, 0x76, 
  0xCE, 0x81, 0xD3, 0x8B, 0xDA, 0x08, 0xF7, 0x4E, 0xA0, 0x15, 0x8B, 0x8B, 
  0x05, 0x8B, 0x76, 0x05, 0x8B, 0x55, 0x91, 0x58, 0x96, 0x5C, 0x08, 0x96, 
  0x5C, 0x9C, 0x61, 0xA2, 0x67, 0x08, 0xA2, 0x67, 0xA9, 0x6F, 0xAF, 0x77, 
  0x08, 0xAF, 0x76, 0xB6, 0x81, 0xBD, 0x8B, 0x08, 0x8B, 0x8B, 0x05, 0xC8, 
  0x8B, 0xBE, 0x98, 0xB3, 0xA5, 0x08, 0xB2, 0xA5, 0xAB, 0xAD, 0xA3, 0xB6, 
  0x08, 0xA3, 0xB6, 0x9E, 0xB9, 0x98, 0xBD, 0x08, 0x8B, 0x8B, 0x05, 0x8B, 
  0xF7, 0x85, 0x05, 0x83, 0xB0, 0x80, 0xAE, 0x7C, 0xAE, 0x08, 0x7C, 0xAD, 
  0x77, 0xAA, 0x74, 0xA6, 0x08, 0x73, 0xA6, 0x6E, 0xA0, 0x69, 0x9B, 0x08, 
  0x68, 0x9B, 0x63, 0x93, 0x5C, 0x8B, 0x08, 0x8B, 0x8B, 0x05, 0x58, 0x8B, 
  0x60, 0x81, 0x67, 0x76, 0x08, 0x66, 0x76, 0x6D, 0x6E, 0x74, 0x67, 0x08, 
  0x74, 0x66, 0x7A, 0x61, 0x80, 0x5C, 0x08, 0x80, 0x5B, 0x85, 0x58, 0x8B, 
  0x55, 0x08, 0x0E, 0xFA, 0xD2, 0xF8, 0xE2, 0x77, 0x15, 0x8B, 0x8B, 0x05, 
  0x40, 0x8B, 0x47, 0x98, 0x4E, 0xA5, 0x08, 0x4E, 0xA4, 0x56, 0xAF, 0x60, 
  0xBA, 0x08, 0x5F, 0xBA, 0x69, 0xC2, 0x74, 0xCB, 0x08, 0x74, 0xCB, 0x7F, 
  0xD1, 0x8B, 0xD7, 0x08, 0x8B, 0x8B, 0x05, 0x8B, 0xB5, 0x05, 0x8B, 0xE3, 
  0x98, 0xDA, 0xA5, 0xD0, 0x08, 0xA5, 0xD0, 0xAE, 0xC5, 0xB8, 0xBB, 0x08, 
  0xB8, 0xBB, 0xBD, 0xAF, 0xC4, 0xA4, 0x08, 0xC4, 0xA4, 0xC5, 0x97, 0xC8, 
  0x8B, 0x08, 0x8B, 0x8B, 0x05, 0xD8, 0x8B, 0xCE, 0x7E, 0xC4, 0x70, 0x08, 
  0xC3, 0x70, 0xB9, 0x66, 0xAF, 0x5C, 0x08, 0xAF, 0x5B, 0xA6, 0x53, 0x9C, 
  0x4B, 0x08, 0x9C, 0x4A, 0x94, 0x45, 0x8B, 0x3F, 0x08, 0x8B, 0x8B, 0x05, 
  0x8B, 0x38, 0x05, 0xFD, 0xBC, 0x8B, 0x05, 0x8B, 0xF7, 0x2B, 0x05, 0xF9, 
  0x03, 0x8B, 0x05, 0x8B, 0x99, 0x05, 0x88, 0xBB, 0x82, 0xBA, 0x7A, 0xB8, 
  0x08, 0x7A, 0xB8, 0x70, 0xB1, 0x66, 0xA8, 0x08, 0x66, 0xA8, 0x59, 0x9A, 
  0x4C, 0x8B, 0x08, 0x8B, 0x8B, 0x05, 0x61, 0x8B, 0x64, 0x82, 0x68, 0x7A, 
  0x08, 0x68, 0x79, 0x6C, 0x71, 0x72, 0x68, 0x08, 0x72, 0x68, 0x77, 0x61, 
  0x7D, 0x59, 0x08, 0x7D, 0x59, 0x84, 0x51, 0x8B, 0x4A, 0x08, 0x8B, 0x8B, 
  0x05, 0x8B, 0x61, 0x05, 0x8B, 0x58, 0x92, 0x5B, 0x9A, 0x5E, 0x08, 0x99, 
  0x5E, 0xA0, 0x63, 0xA7, 0x69, 0x08, 0xA6, 0x69, 0xAD, 0x70, 0xB3, 0x78, 
  0x08, 0xB2, 0x78, 0xB8, 0x81, 0xBE, 0x8B, 0x08, 0x8B, 0x8B, 0x05, 0xCC, 
  0x8B, 0xC3, 0x98, 0xB8, 0xA6, 0x08, 0xB8, 0xA6, 0xB3, 0xAE, 0xAD, 0xB8, 
  0x08, 0x8B, 0x8B, 0x05, 0xF7, 0x04, 0x32, 0x05, 0x74, 0x68, 0x6D, 0x69, 
  0x67, 0x6B, 0x08, 0x67, 0x6B, 0x5F, 0x71, 0x57, 0x77, 0x08, 0x56, 0x77, 
  0x4D, 0x81, 0x44, 0x8B, 0x08, 0x0E, 0xF9, 0x5C, 0xF8, 0x35, 0x1C, 0x04, 
  0xAC, 0x15, 0x8B, 0x1C, 0xFB, 0x54, 0x05, 0xFB, 0x4D, 0x8B, 0x05, 0x8B, 
  0x1C, 0x04, 0xAC, 0x05, 0x8B, 0xD9, 0x99, 0xCD, 0xA8, 0xC1, 0x08, 0xA7, 
  0xC0, 0xB4, 0xB4, 0xC0, 0xA7, 0x08, 0xC0, 0xA6, 0xCB, 0x99, 0xD4, 0x8B, 
  0x08, 0x8B, 0x8B, 0x05, 0xA0, 0x8B, 0xA1, 0x8A, 0xA1, 0x88, 0x08, 0xA0, 
  0x88, 0xA0, 0x87, 0xA0, 0x86, 0x08, 0x8B, 0x8B, 0x05, 0x81, 0xFB, 0x2B, 
  0x05, 0x7D, 0x8E, 0x7B, 0x8E, 0x7A, 0x8C, 0x08, 0x79, 0x8C, 0x79, 0x8C, 
  0x7A, 0x8B, 0x08, 0x8B, 0x8B, 0x05, 0x64, 0x8B, 0x69, 0x83, 0x6F, 0x7C, 
  0x08, 0x6E, 0x7B, 0x76, 0x74, 0x7C, 0x6D, 0x08, 0x7C, 0x6D, 0x84, 0x66, 
  0x8B, 0x5F, 0x08, 0x8B, 0x8B, 0x05, 0xFB, 0xF8, 0xFB, 0x06, 0x15, 0xF8, 
  0xDE, 0x8B, 0x05, 0x8B, 0xFB, 0x22, 0x05, 0xFC, 0xDE, 0x8B, 0x05, 0x8B, 
  0xF7, 0x22, 0x05, 0x0E, 0x1C, 0x04, 0x7E, 0xF9, 0xCD, 0xF9, 0xE0, 0x15, 
  0x9C, 0xF7, 0x82, 0x05, 0xF7, 0x3C, 0x8B, 0x05, 0x8B, 0xFE, 0xB7, 0x05, 
  0x8B, 0x2C, 0x78, 0x39, 0x64, 0x48, 0x08, 0x64, 0x48, 0x56, 0x58, 0x46, 
  0x68, 0x08, 0x46, 0x68, 0x3B, 0x79, 0x31, 0x8B, 0x08, 0x8B, 0x8B, 0x05, 
  0x66, 0x8B, 0x5F, 0x91, 0x59, 0x97, 0x08, 0x58, 0x96, 0x5A, 0x9F, 0x5B, 
  0xA7, 0x08, 0x5A, 0xA6, 0x63, 0xB0, 0x6A, 0xBA, 0x08, 0x8B, 0x8B, 0x05, 
  0xEC, 0xF7, 0x02, 0x05, 0xB8, 0x54, 0xBB, 0x65, 0xBD, 0x76, 0x08, 0xBC, 
  0x76, 0xBC, 0x80, 0xBC, 0x8B, 0x08, 0x8B, 0x8B, 0x05, 0xC6, 0x8B, 0xBD, 
  0x96, 0xB6, 0xA1, 0x08, 0xB6, 0xA1, 0xAC, 0xAC, 0xA3, 0xB6, 0x08, 0xA2, 
  0xB6, 0x97, 0xBF, 0x8B, 0xCA, 0x08, 0x8B, 0x8B, 0x05, 0x8B, 0xF9, 0xD2, 
  0x05, 0xFD, 0x6C, 0xFB, 0xCF, 0x15, 0x8B, 0x8B, 0x05, 0x8B, 0xA0, 0x05, 
  0x8B, 0xDE, 0x95, 0xD6, 0x9F, 0xCF, 0x08, 0x9E, 0xCE, 0xA8, 0xC5, 0xB0, 
  0xBC, 0x08, 0xB0, 0xBC, 0xB7, 0xB0, 0xC0, 0xA6, 0x08, 0xC0, 0xA5, 0xC6, 
  0x98, 0xCD, 0x8B, 0x08, 0x8B, 0x8B, 0x05, 0xCF, 0x8B, 0xC7, 0x7F, 0xBE, 
  0x74, 0x08, 0xBE, 0x73, 0xB6, 0x68, 0xAF, 0x5F, 0x08, 0xAE, 0x5E, 0xA7, 
  0x54, 0xA0, 0x4C, 0x08, 0xA0, 0x4C, 0x99, 0x43, 0x93, 0x3B, 0x08, 0x8B, 
  0x8B, 0x05, 0x8B, 0x2F, 0x05, 0x84, 0x3C, 0x7D, 0x43, 0x76, 0x4C, 0x08, 
  0x76, 0x4C, 0x6E, 0x55, 0x68, 0x5E, 0x08, 0x67, 0x5E, 0x5F, 0x69, 0x58, 
  0x74, 0x08, 0x58, 0x73, 0x4F, 0x7F, 0x46, 0x8B, 0x08, 0x8B, 0x8B, 0x05, 
  0x4A, 0x8B, 0x51, 0x99, 0x57, 0xA6, 0x08, 0x56, 0xA6, 0x5E, 0xB2, 0x66, 
  0xBC, 0x08, 0x66, 0xBC, 0x6E, 0xC6, 0x78, 0xCE, 0x08, 0x77, 0xCE, 0x81, 
  0xD3, 0x8B, 0xDA, 0x08, 0xF7, 0x4D, 0xA0, 0x15, 0x8B, 0x8B, 0x05, 0x8B, 
  0x76, 0x05, 0x8B, 0x55, 0x91, 0x58, 0x96, 0x5C, 0x08, 0x96, 0x5C, 0x9C, 
  0x61, 0xA2, 0x67, 0x08, 0xA2, 0x67, 0xA8, 0x6F, 0xAF, 0x77, 0x08, 0xAF, 
  0x76, 0xB6, 0x81, 0xBD, 0x8B, 0x08, 0x8B, 0x8B, 0x05, 0xC8, 0x8B, 0xBE, 
  0x98, 0xB3, 0xA5, 0x08, 0xB3, 0xA5, 0xAB, 0xAD, 0xA3, 0xB6, 0x08, 0xA2, 
  0xB6, 0x9E, 0xB9, 0x98, 0xBD, 0x08, 0x8B, 0x8B, 0x05, 0x8B, 0xF7, 0x85, 
  0x05, 0x84, 0xB0, 0x80, 0xAE, 0x7C, 0xAE, 0x08, 0x7C, 0xAD, 0x77, 0xAA, 
  0x74, 0xA6, 0x08, 0x73, 0xA6, 0x6E, 0xA0, 0x68, 0x9B, 0x08, 0x68, 0x9B, 
  0x63, 0x93, 0x5C, 0x8B, 0x08, 0x8B, 0x8B, 0x05, 0x58, 0x8B, 0x60, 0x81, 
  0x67, 0x76, 0x08, 0x66, 0x76, 0x6E, 0x6E, 0x74, 0x67, 0x08, 0x74, 0x66, 
  0x7A, 0x61, 0x80, 0x5C, 0x08, 0x80, 0x5B, 0x85, 0x58, 0x8B, 0x55, 0x08, 
  0x0E, 0xFA, 0xFC, 0xF7, 0x21, 0x1C, 0x06, 0x00, 0x15, 0xF7, 0x4D, 0x8B, 
  0x05, 0x8B, 0x1C, 0xFA, 0x00, 0x05, 0xFB, 0x4D, 0x8B, 0x05, 0x8B, 0x1C, 
  0x06, 0x00, 0x05, 0xF7, 0x21, 0xFE, 0x4E, 0x15, 0x8B, 0x8B, 0x05, 0x3E, 
  0x8E, 0x05, 0x8C, 0xD5, 0x96, 0xD0, 0xA0, 0xCA, 0x08, 0xA0, 0xCA, 0xA9, 
  0xC1, 0xB2, 0xBA, 0x08, 0xB2, 0xBA, 0xB9, 0xAF, 0xC1, 0xA5, 0x08, 0xC0, 
  0xA4, 0xC7, 0x98, 0xCC, 0x8B, 0x08, 0x8B, 0x8B, 0x05, 0xC0, 0x8B, 0xBB, 
  0x84, 0xB6, 0x7D, 0x08, 0xB6, 0x7C, 0xAF, 0x74, 0xAA, 0x6C, 0x08, 0xA9, 
  0x6C, 0xA2, 0x62, 0x9B, 0x5A, 0x08, 0x9B, 0x59, 0x93, 0x4E, 0x8B, 0x44, 
  0x08, 0x8B, 0x8B, 0x05, 0x8B, 0xFD, 0x59, 0x05, 0xFB, 0x4E, 0x8B, 0x05, 
  0x8B, 0xF9, 0x5B, 0x05, 0x8B, 0xC4, 0x83, 0xB8, 0x7A, 0xAE, 0x08, 0x7A, 
  0xAD, 0x73, 0xA4, 0x6B, 0x9B, 0x08, 0x6B, 0x9A, 0x64, 0x93, 0x5C, 0x8B, 
  0x08, 0x8B, 0x8B, 0x05, 0x5D, 0x8B, 0x61, 0x81, 0x66, 0x78, 0x08, 0x65, 
  0x78, 0x6B, 0x70, 0x70, 0x69, 0x08, 0x70, 0x69, 0x76, 0x64, 0x7C, 0x60, 
  0x08, 0x7C, 0x5F, 0x83, 0x5D, 0x8B, 0x5A, 0x08, 0x0E, 0xF8, 0x86, 0xF7, 
  0x30, 0xFA, 0xCE, 0x15, 0xF7, 0x4E, 0x8B, 0x05, 0x8B, 0xFE, 0xCE, 0x05, 
  0xFB, 0x4E, 0x8B, 0x05, 0x8B, 0xFA, 0xCE, 0x05, 0x7D, 0xF7, 0xB3, 0x15, 
  0x8B, 0x8B, 0x05, 0x8B, 0xA9, 0x94, 0xA4, 0x9E, 0xA0, 0x08, 0x9D, 0xA0, 
  0xA6, 0x95, 0xAF, 0x8B, 0x08, 0x8B, 0x8B, 0x05, 0xAE, 0x8B, 0xA7, 0x81, 
  0x9E, 0x76, 0x08, 0x9E, 0x76, 0x94, 0x72, 0x8B, 0x6D, 0x08, 0x8B, 0x8B, 
  0x05, 0x8B, 0x6E, 0x82, 0x73, 0x78, 0x77, 0x08, 0x78, 0x76, 0x6F, 0x81, 
  0x68, 0x8B, 0x08, 0x8B, 0x8B, 0x05, 0x67, 0x8B, 0x70, 0x95, 0x79, 0xA0, 
  0x08, 0x78, 0x9F, 0x82, 0xA3, 0x8B, 0xA8, 0x08, 0x0E, 0xF8, 0x7E, 0xF7, 
  0x26, 0xFB, 0x15, 0x15, 0x8B, 0x1C, 0x04, 0xBB, 0x05, 0xF7, 0x4E, 0x8B, 
  0x05, 0x8B, 0x1C, 0xFB, 0x45, 0x05, 0x8B, 0x49, 0x81, 0x53, 0x76, 0x5D, 
  0x08, 0x76, 0x5D, 0x6B, 0x68, 0x62, 0x74, 0x08, 0x61, 0x73, 0x56, 0x7F, 
  0x4C, 0x8B, 0x08, 0x8B, 0x8B, 0x05, 0x7A, 0x8B, 0x78, 0x8D, 0x75, 0x8E, 
  0x08, 0x74, 0x8E, 0x78, 0x8F, 0x7C, 0x90, 0x08, 0x8B, 0x8B, 0x05, 0x8C, 
  0xF7, 0x29, 0x05, 0x98, 0x88, 0x99, 0x89, 0x9B, 0x8A, 0x08, 0x9B, 0x89, 
  0x99, 0x8A, 0x97, 0x8B, 0x08, 0x8B, 0x8B, 0x05, 0xA6, 0x8B, 0xA2, 0x90, 
  0x9E, 0x95, 0x08, 0x9E, 0x95, 0x99, 0x9B, 0x95, 0xA1, 0x08, 0x94, 0xA1, 
  0x90, 0xA8, 0x8B, 0xB0, 0x08, 0x8B, 0x8B, 0x05, 0x78, 0x1C, 0x05, 0xDA, 
  0x15, 0x8B, 0x8B, 0x05, 0x8B, 0xA9, 0x94, 0xA4, 0x9E, 0xA0, 0x08, 0x9E, 
  0xA0, 0xA6, 0x95, 0xAE, 0x8B, 0x08, 0x8B, 0x8B, 0x05, 0xAF, 0x8B, 0xA6, 
  0x81, 0x9E, 0x76, 0x08, 0x9E, 0x76, 0x94, 0x72, 0x8B, 0x6D, 0x08, 0x8B, 
  0x8B, 0x05, 0x8B, 0x6E, 0x82, 0x73, 0x78, 0x77, 0x08, 0x78, 0x76, 0x70, 
  0x81, 0x67, 0x8B, 0x08, 0x8B, 0x8B, 0x05, 0x68, 0x8B, 0x70, 0x95, 0x78, 
  0xA0, 0x08, 0x78, 0x9F, 0x82, 0xA3, 0x8B, 0xA8, 0x08, 0x0E, 0xFA, 0xA2, 
  0xF7, 0x21, 0x1C, 0x06, 0x00, 0x15, 0xF7, 0x4E, 0x8B, 0x05, 0x8B, 0x1C, 
  0xFA, 0x00, 0x05, 0xFB, 0x4E, 0x8B, 0x05, 0x8B, 0x1C, 0x06, 0x00, 0x05, 
  0xF9, 0x01, 0xFC, 0x5A, 0x15, 0xF7, 0x76, 0x8B, 0x05, 0xFC, 0x6C, 0xFC, 
  0x8D, 0x05, 0xFB, 0x9C, 0xFB, 0xA6, 0x05, 0x7C, 0xF7, 0x59, 0x05, 0xF7, 
  0x51, 0xF7, 0x76, 0x05, 0xF7, 0xE4, 0xF7, 0xF8, 0x05, 0xF7, 0xA7, 0xFE, 
  0xCE, 0x15, 0xFB, 0x6E, 0x8B, 0x05, 0xFC, 0x16, 0xF8, 0x98, 0x05, 0xEB, 
  0xF7, 0x39, 0x05, 0xF8, 0x90, 0xFD, 0x3D, 0x05, 0x0E, 0xF8, 0x86, 0xF7, 
  0x30, 0x1C, 0x06, 0x00, 0x15, 0xF7, 0x4E, 0x8B, 0x05, 0x8B, 0x1C, 0xFA, 
  0x00, 0x05, 0xFB, 0x4E, 0x8B, 0x05, 0x8B, 0x1C, 0x06, 0x00, 0x05, 0x0E, 
  0x1C, 0x07, 0x04, 0xF7, 0xCF, 0xFA, 0xCE, 0x15, 0x95, 0xFB, 0x6B, 0x05, 
  0x8B, 0xFD, 0xF7, 0x05, 0xFB, 0x4E, 0x8B, 0x05, 0x8B, 0xFA, 0xCE, 0x05, 
  0xF7, 0x44, 0x8B, 0x05, 0x6F, 0xFC, 0x88, 0x15, 0x8B, 0x8B, 0x05, 0x35, 
  0x8E, 0x05, 0x8C, 0xD5, 0x94, 0xD0, 0x9E, 0xCA, 0x08, 0x9E, 0xCA, 0xA6, 
  0xC1, 0xB0, 0xBA, 0x08, 0xB0, 0xBA, 0xB8, 0xAF, 0xC2, 0xA5, 0x08, 0xC2, 
  0xA4, 0xCA, 0x98, 0xD3, 0x8B, 0x08, 0x8B, 0x8B, 0x05, 0xBE, 0x8B, 0xB9, 
  0x84, 0xB6, 0x7D, 0x08, 0xB6, 0x7C, 0xB0, 0x75, 0xAA, 0x6C, 0x08, 0xAA, 
  0x6C, 0xA4, 0x64, 0x9C, 0x5B, 0x08, 0x9C, 0x5B, 0x94, 0x51, 0x8B, 0x47, 
  0x08, 0x8B, 0x8B, 0x05, 0x8B, 0xFD, 0x65, 0x05, 0xFB, 0x4D, 0x8B, 0x05, 
  0x8B, 0xF9, 0x5C, 0x05, 0x8B, 0xC4, 0x82, 0xB8, 0x78, 0xAD, 0x08, 0x78, 
  0xAD, 0x70, 0xA4, 0x68, 0x9B, 0x08, 0x68, 0x9A, 0x63, 0x93, 0x5C, 0x8B, 
  0x08, 0x8B, 0x8B, 0x05, 0x54, 0x8B, 0x5E, 0x81, 0x66, 0x78, 0x08, 0x66, 
  0x78, 0x6E, 0x70, 0x75, 0x69, 0x08, 0x75, 0x69, 0x7B, 0x64, 0x82, 0x60, 
  0x08, 0x81, 0x5F, 0x86, 0x5D, 0x8B, 0x5A, 0x08, 0xF9, 0x51, 0xF1, 0x15, 
  0x8B, 0x8B, 0x05, 0xFB, 0x10, 0x65, 0x05, 0x8C, 0xC6, 0x95, 0xC4, 0x9E, 
  0xC2, 0x08, 0x9E, 0xC2, 0xA6, 0xBB, 0xB0, 0xB6, 0x08, 0xAF, 0xB6, 0xB8, 
  0xAD, 0xC0, 0xA4, 0x08, 0xC0, 0xA4, 0xC8, 0x97, 0xD0, 0x8B, 0x08, 0x8B, 
  0x8B, 0x05, 0xC5, 0x8B, 0xBF, 0x83, 0xB8, 0x7C, 0x08, 0xB8, 0x7C, 0xB1, 
  0x73, 0xAA, 0x6C, 0x08, 0xAA, 0x6B, 0xA2, 0x62, 0x9B, 0x5A, 0x08, 0x9B, 
  0x5A, 0x93, 0x50, 0x8B, 0x47, 0x08, 0x8B, 0x8B, 0x05, 0x8B, 0xFD, 0x5B, 
  0x05, 0xFB, 0x4E, 0x8B, 0x05, 0x8B, 0xF9, 0x5D, 0x05, 0x8B, 0xC8, 0x82, 
  0xBA, 0x78, 0xAD, 0x08, 0x78, 0xAC, 0x70, 0xA3, 0x69, 0x99, 0x08, 0x68, 
  0x98, 0x62, 0x92, 0x5C, 0x8B, 0x08, 0x8B, 0x8B, 0x05, 0x62, 0x8B, 0x67, 
  0x84, 0x6C, 0x7D, 0x08, 0x6C, 0x7D, 0x70, 0x78, 0x76, 0x73, 0x08, 0x76, 
  0x72, 0x7B, 0x6F, 0x80, 0x6C, 0x08, 0x80, 0x6C, 0x85, 0x69, 0x8B, 0x68, 
  0x08, 0x0E, 0xFA, 0xFF, 0xF7, 0xD0, 0xFA, 0xCE, 0x15, 0x95, 0xFB, 0x7B, 
  0x05, 0x8B, 0xFD, 0xE7, 0x05, 0xFB, 0x4D, 0x8B, 0x05, 0x8B, 0xFA, 0xCE, 
  0x05, 0xF7, 0x43, 0x8B, 0x05, 0x69, 0xFC, 0x88, 0x15, 0x8B, 0x8B, 0x05, 
  0x3E, 0x8E, 0x05, 0x8C, 0xD5, 0x96, 0xD0, 0xA0, 0xCA, 0x08, 0xA0, 0xCA, 
  0xA9, 0xC1, 0xB2, 0xBA, 0x08, 0xB2, 0xBA, 0xB9, 0xAF, 0xC1, 0xA5, 0x08, 
  0xC0, 0xA4, 0xC7, 0x98, 0xCC, 0x8B, 0x08, 0x8B, 0x8B, 0x05, 0xC0, 0x8B, 
  0xBB, 0x84, 0xB6, 0x7D, 0x08, 0xB6, 0x7C, 0xAF, 0x74, 0xAA, 0x6C, 0x08, 
  0xA9, 0x6C, 0xA2, 0x62, 0x9B, 0x5A, 0x08, 0x9B, 0x59, 0x93, 0x4E, 0x8B, 
  0x44, 0x08, 0x8B, 0x8B, 0x05, 0x8B, 0xFD, 0x59, 0x05, 0xFB, 0x4E, 0x8B, 
  0x05, 0x8B, 0xF9, 0x5B, 0x05, 0x8B, 0xC4, 0x83, 0xB8, 0x7A, 0xAE, 0x08, 
  0x7A, 0xAD, 0x73, 0xA4, 0x6B, 0x9B, 0x08, 0x6B, 0x9A, 0x64, 0x93, 0x5C, 
  0x8B, 0x08, 0x8B, 0x8B, 0x05, 0x5D, 0x8B, 0x61, 0x81, 0x66, 0x78, 0x08, 
  0x65, 0x78, 0x6B, 0x70, 0x70, 0x69, 0x08, 0x70, 0x69, 0x76, 0x64, 0x7C, 
  0x60, 0x08, 0x7C, 0x5F, 0x83, 0x5D, 0x8B, 0x5A, 0x08, 0x0E, 0x1C, 0x04, 
  0x90, 0xE7, 0xF8, 0xA5, 0x15, 0x8B, 0x8B, 0x05, 0x8B, 0xA2, 0x05, 0x8B, 
  0xD9, 0x96, 0xD4, 0xA2, 0xCE, 0x08, 0xA2, 0xCE, 0xAB, 0xC5, 0xB6, 0xBD, 
  0x08, 0xB6, 0xBC, 0xBE, 0xB2, 0xC8, 0xA7, 0x08, 0xC8, 0xA6, 0xCF, 0x99, 
  0xD6, 0x8B, 0x08, 0x8B, 0x8B, 0x05, 0xD7, 0x8B, 0xD0, 0x7D, 0xC8, 0x70, 
  0x08, 0xC8, 0x6F, 0xBF, 0x64, 0xB6, 0x5A, 0x08, 0xB6, 0x59, 0xAB, 0x51, 
  0xA2, 0x48, 0x08, 0xA2, 0x48, 0x96, 0x42, 0x8B, 0x3D, 0x08, 0x8B, 0x8B, 
  0x05, 0x8B, 0x74, 0x05, 0x8B, 0x3D, 0x80, 0x43, 0x74, 0x48, 0x08, 0x74, 
  0x48, 0x6B, 0x51, 0x60, 0x5A, 0x08, 0x60, 0x59, 0x57, 0x64, 0x4F, 0x70, 
  0x08, 0x4E, 0x6F, 0x47, 0x7D, 0x3F, 0x8B, 0x08, 0x8B, 0x8B, 0x05, 0x3F, 
  0x8B, 0x47, 0x99, 0x4E, 0xA7, 0x08, 0x4E, 0xA6, 0x58, 0xB2, 0x60, 0xBD, 
  0x08, 0x60, 0xBC, 0x6A, 0xC5, 0x74, 0xCE, 0x08, 0x74, 0xCE, 0x80, 0xD3, 
  0x8B, 0xD9, 0x08, 0xF7, 0x4D, 0xA2, 0x15, 0x8B, 0x8B, 0x05, 0x8B, 0x74, 
  0x05, 0x8B, 0x55, 0x91, 0x58, 0x98, 0x5C, 0x08, 0x98, 0x5B, 0x9E, 0x61, 
  0xA5, 0x66, 0x08, 0xA4, 0x66, 0xAB, 0x6F, 0xB2, 0x76, 0x08, 0xB2, 0x76, 
  0xB8, 0x80, 0xBE, 0x8B, 0x08, 0x8B, 0x8B, 0x05, 0xBE, 0x8B, 0xB7, 0x96, 
  0xB2, 0xA0, 0x08, 0xB1, 0xA0, 0xAB, 0xA7, 0xA4, 0xB0, 0x08, 0xA4, 0xB0, 
  0x9F, 0xB5, 0x98, 0xBB, 0x08, 0x98, 0xBA, 0x91, 0xBE, 0x8B, 0xC1, 0x08, 
  0x8B, 0x8B, 0x05, 0x8B, 0xA2, 0x05, 0x8B, 0xC0, 0x85, 0xBE, 0x7E, 0xBB, 
  0x08, 0x7E, 0xBA, 0x77, 0xB6, 0x72, 0xB0, 0x08, 0x71, 0xB0, 0x6B, 0xA8, 
  0x65, 0xA0, 0x08, 0x64, 0xA0, 0x5E, 0x96, 0x58, 0x8B, 0x08, 0x8B, 0x8B, 
  0x05, 0x58, 0x8B, 0x5F, 0x80, 0x65, 0x76, 0x08, 0x64, 0x76, 0x6B, 0x6E, 
  0x72, 0x66, 0x08, 0x71, 0x66, 0x78, 0x60, 0x7E, 0x5C, 0x08, 0x7E, 0x5B, 
  0x85, 0x58, 0x8B, 0x56, 0x08, 0x0E, 0x1C, 0x04, 0x7E, 0xF7, 0xCA, 0xFA, 
  0xCE, 0x15, 0x9B, 0xFB, 0x64, 0x05, 0x8B, 0x1C, 0xFA, 0xF6, 0x05, 0xFB, 
  0x4E, 0x8B, 0x05, 0x8B, 0x1C, 0x05, 0xDA, 0x05, 0xF7, 0x3E, 0x8B, 0x05, 
  0xF9, 0x7D, 0xFC, 0xA8, 0x15, 0x8B, 0x8B, 0x05, 0x8B, 0x76, 0x05, 0x8B, 
  0x3C, 0x82, 0x43, 0x78, 0x48, 0x08, 0x78, 0x48, 0x70, 0x50, 0x68, 0x5A, 
  0x08, 0x67, 0x5A, 0x5F, 0x64, 0x57, 0x70, 0x08, 0x57, 0x70, 0x4F, 0x7D, 
  0x48, 0x8B, 0x08, 0x8B, 0x8B, 0x05, 0x46, 0x8B, 0x4F, 0x96, 0x56, 0xA2, 
  0x08, 0x56, 0xA2, 0x5F, 0xAC, 0x66, 0xB6, 0x08, 0x66, 0xB6, 0x6E, 0xBF, 
  0x76, 0xC8, 0x08, 0x75, 0xC8, 0x7C, 0xCF, 0x83, 0xD7, 0x08, 0x8B, 0x8B, 
  0x05, 0x8B, 0xF7, 0x04, 0x05, 0x93, 0xDB, 0x9A, 0xD3, 0xA1, 0xCA, 0x08, 
  0xA1, 0xCA, 0xA8, 0xC1, 0xB0, 0xB9, 0x08, 0xAF, 0xB8, 0xB7, 0xAD, 0xBF, 
  0xA3, 0x08, 0xBF, 0xA2, 0xC7, 0x97, 0xCF, 0x8B, 0x08, 0x8B, 0x8B, 0x05, 
  0xCF, 0x8B, 0xC7, 0x7E, 0xC0, 0x71, 0x08, 0xC0, 0x70, 0xB7, 0x66, 0xAF, 
  0x5A, 0x08, 0xAF, 0x5A, 0xA6, 0x51, 0x9E, 0x48, 0x08, 0x9D, 0x47, 0x94, 
  0x40, 0x8B, 0x38, 0x08, 0xFB, 0x4E, 0x76, 0x15, 0x8B, 0x8B, 0x05, 0x8B, 
  0xA0, 0x05, 0x8B, 0xC1, 0x85, 0xBE, 0x80, 0xBB, 0x08, 0x80, 0xBA, 0x79, 
  0xB5, 0x74, 0xB0, 0x08, 0x73, 0xAF, 0x6D, 0xA8, 0x66, 0xA0, 0x08, 0x66, 
  0xA0, 0x60, 0x95, 0x58, 0x8B, 0x08, 0x8B, 0x8B, 0x05, 0x5C, 0x8B, 0x63, 
  0x83, 0x69, 0x7B, 0x08, 0x68, 0x7B, 0x6E, 0x76, 0x73, 0x70, 0x08, 0x73, 
  0x70, 0x78, 0x6C, 0x7C, 0x69, 0x08, 0x7C, 0x68, 0x7F, 0x68, 0x84, 0x66, 
  0x08, 0x8B, 0x8B, 0x05, 0x8B, 0xFB, 0x97, 0x05, 0x98, 0x5C, 0x9E, 0x60, 
  0xA3, 0x62, 0x08, 0xA3, 0x62, 0xAB, 0x6A, 0xB3, 0x72, 0x08, 0xB3, 0x72, 
  0xBD, 0x7E, 0xC8, 0x8B, 0x08, 0x8B, 0x8B, 0x05, 0xBD, 0x8B, 0xB6, 0x96, 
  0xB0, 0xA0, 0x08, 0xAF, 0xA0, 0xA9, 0xA7, 0xA3, 0xB0, 0x08, 0xA2, 0xB0, 
  0x9D, 0xB5, 0x96, 0xBB, 0x08, 0x96, 0xBA, 0x91, 0xBE, 0x8B, 0xC1, 0x08, 
  0x0E, 0x1C, 0x04, 0x8C, 0xFA, 0x84, 0xFC, 0x34, 0x15, 0xFB, 0x4E, 0x8B, 
  0x05, 0x8B, 0x1C, 0x05, 0x0A, 0x05, 0x9B, 0xF7, 0x64, 0x05, 0xF7, 0x3E, 
  0x8B, 0x05, 0x8B, 0x1C, 0xFA, 0x26, 0x05, 0xFE, 0x25, 0xFA, 0x45, 0x15, 
  0x8B, 0x8B, 0x05, 0x8B, 0xA0, 0x05, 0x8B, 0xDE, 0x95, 0xD6, 0x9E, 0xCF, 
  0x08, 0x9E, 0xCE, 0xA8, 0xC5, 0xB0, 0xBC, 0x08, 0xB0, 0xBC, 0xB9, 0xB0, 
  0xC0, 0xA6, 0x08, 0xC0, 0xA5, 0xC7, 0x98, 0xCF, 0x8B, 0x08, 0x8B, 0x8B, 
  0x05, 0xCF, 0x8B, 0xC7, 0x7F, 0xBF, 0x74, 0x08, 0xBE, 0x73, 0xB7, 0x68, 
  0xB0, 0x5F, 0x08, 0xAF, 0x5E, 0xA8, 0x54, 0xA0, 0x4C, 0x08, 0xA0, 0x4C, 
  0x9A, 0x43, 0x93, 0x3B, 0x08, 0x8B, 0x8B, 0x05, 0x8B, 0x2F, 0x05, 0x84, 
  0x3C, 0x7C, 0x43, 0x76, 0x4C, 0x08, 0x76, 0x4C, 0x6E, 0x55, 0x67, 0x5E, 
  0x08, 0x66, 0x5E, 0x5F, 0x69, 0x57, 0x74, 0x08, 0x56, 0x73, 0x4F, 0x7F, 
  0x46, 0x8B, 0x08, 0x8B, 0x8B, 0x05, 0x48, 0x8B, 0x4F, 0x99, 0x57, 0xA6, 
  0x08, 0x56, 0xA6, 0x5E, 0xB2, 0x66, 0xBC, 0x08, 0x66, 0xBC, 0x6E, 0xC6, 
  0x78, 0xCE, 0x08, 0x77, 0xCE, 0x81, 0xD3, 0x8B, 0xDA, 0x08, 0xF7, 0x4E, 
  0xA0, 0x15, 0x8B, 0x8B, 0x05, 0x8B, 0x76, 0x05, 0x8B, 0x55, 0x91, 0x58, 
  0x96, 0x5C, 0x08, 0x96, 0x5B, 0x9D, 0x61, 0xA3, 0x66, 0x08, 0xA2, 0x66, 
  0xA9, 0x6F, 0xB0, 0x76, 0x08, 0xAF, 0x76, 0xB6, 0x80, 0xBD, 0x8B, 0x08, 
  0x8B, 0x8B, 0x05, 0xC8, 0x8B, 0xBF, 0x98, 0xB4, 0xA6, 0x08, 0xB4, 0xA6, 
  0xAB, 0xAE, 0xA4, 0xB7, 0x08, 0xA4, 0xB6, 0x9E, 0xBA, 0x98, 0xBD, 0x08, 
  0x8B, 0x8B, 0x05, 0x8B, 0xF7, 0x85, 0x05, 0x84, 0xB0, 0x7F, 0xAE, 0x7C, 
  0xAE, 0x08, 0x7B, 0xAE, 0x77, 0xAA, 0x72, 0xA7, 0x08, 0x72, 0xA6, 0x6E, 
  0xA1, 0x68, 0x9C, 0x08, 0x68, 0x9B, 0x62, 0x93, 0x5C, 0x8B, 0x08, 0x8B, 
  0x8B, 0x05, 0x58, 0x8B, 0x60, 0x80, 0x66, 0x76, 0x08, 0x66, 0x76, 0x6D, 
  0x6E, 0x74, 0x66, 0x08, 0x73, 0x66, 0x79, 0x60, 0x80, 0x5B, 0x08, 0x80, 
  0x5B, 0x85, 0x58, 0x8B, 0x55, 0x08, 0x0E, 0xF9, 0x4A, 0xF7, 0xD5, 0xFA, 
  0xCE, 0x15, 0x90, 0xFB, 0x3E, 0x05, 0x8B, 0xFE, 0x24, 0x05, 0xFB, 0x4D, 
  0x8B, 0x05, 0x8B, 0xFA, 0xCE, 0x05, 0xF7, 0x48, 0x8B, 0x05, 0xF7, 0xEB, 
  0x91, 0x15, 0x8B, 0x8B, 0x05, 0x8A, 0xFB, 0x40, 0x05, 0x7C, 0x8E, 0x7C, 
  0x8E, 0x7E, 0x8C, 0x08, 0x7D, 0x8C, 0x7B, 0x8B, 0x7A, 0x8B, 0x08, 0x8B, 
  0x8B, 0x05, 0x60, 0x8B, 0x66, 0x84, 0x6A, 0x7E, 0x08, 0x6A, 0x7E, 0x70, 
  0x78, 0x74, 0x73, 0x08, 0x74, 0x73, 0x7A, 0x6E, 0x7E, 0x6B, 0x08, 0x7E, 
  0x6A, 0x82, 0x66, 0x87, 0x64, 0x08, 0x8B, 0x8B, 0x05, 0x57, 0x6D, 0x05, 
  0x8B, 0xCC, 0x92, 0xC9, 0x98, 0xC4, 0x08, 0x98, 0xC4, 0x9F, 0xBE, 0xA6, 
  0xB8, 0x08, 0xA6, 0xB7, 0xAE, 0xAE, 0xB6, 0xA4, 0x08, 0xB5, 0xA4, 0xBD, 
  0x97, 0xC6, 0x8B, 0x08, 0x8B, 0x8B, 0x05, 0x98, 0x8B, 0x9B, 0x8A, 0x9C, 
  0x88, 0x08, 0x9C, 0x88, 0x97, 0x87, 0x92, 0x88, 0x08, 0x0E, 0xFA, 0xB5, 
  0xF9, 0x97, 0xF7, 0xB3, 0x15, 0x8B, 0x8B, 0x05, 0x8B, 0xA6, 0x85, 0xA4, 
  0x80, 0xA2, 0x08, 0x7F, 0xA2, 0x73, 0xA0, 0x68, 0x9E, 0x08, 0x67, 0x9E, 
  0x55, 0x9B, 0x44, 0x99, 0x08, 0x8B, 0x8B, 0x05, 0x4F, 0x98, 0x55, 0x9A, 
  0x5B, 0x9C, 0x08, 0x5A, 0x9C, 0x62, 0xA0, 0x6A, 0xA4, 0x08, 0x69, 0xA4, 
  0x71, 0xA8, 0x79, 0xAC, 0x08, 0x79, 0xAC, 0x82, 0xB2, 0x8B, 0xB8, 0x08, 
  0x8B, 0x8B, 0x05, 0x8B, 0xB6, 0x95, 0xB3, 0x9E, 0xB1, 0x08, 0x9E, 0xB1, 
  0xA6, 0xAD, 0xAE, 0xA8, 0x08, 0xAE, 0xA8, 0xB5, 0xA2, 0xBC, 0x9C, 0x08, 
  0xBC, 0x9C, 0xC2, 0x93, 0xC8, 0x8B, 0x08, 0x8B, 0x8B, 0x05, 0xE2, 0x8B, 
  0xD5, 0x7C, 0xC8, 0x6C, 0x08, 0xC8, 0x6C, 0xBA, 0x62, 0xAC, 0x59, 0x08, 
  0xAC, 0x58, 0x9B, 0x52, 0x8B, 0x4D, 0x08, 0x8B, 0x8B, 0x05, 0xFB, 0x4D, 
  0x8B, 0x05, 0x8B, 0xA9, 0x82, 0xA8, 0x7A, 0xA8, 0x08, 0x79, 0xA7, 0x71, 
  0xA2, 0x6A, 0x9E, 0x08, 0x69, 0x9E, 0x62, 0x94, 0x5A, 0x8B, 0x08, 0x8B, 
  0x8B, 0x05, 0x58, 0x8B, 0x61, 0x83, 0x6C, 0x7C, 0x08, 0x6B, 0x7B, 0x74, 
  0x77, 0x7D, 0x73, 0x08, 0x7C, 0x73, 0x84, 0x72, 0x8B, 0x70, 0x08, 0x8B, 
  0x8B, 0x05, 0x8B, 0x77, 0x8F, 0x79, 0x92, 0x7C, 0x08, 0x92, 0x7B, 0x97, 
  0x7D, 0x9D, 0x7E, 0x08, 0x9D, 0x7E, 0xA4, 0x7E, 0xAC, 0x80, 0x08, 0xAC, 
  0x80, 0xB4, 0x7F, 0xBE, 0x80, 0x08, 0x8B, 0x8B, 0x05, 0xE4, 0x77, 0xD4, 
  0x73, 0xC4, 0x6F, 0x08, 0xC4, 0x6F, 0xB6, 0x69, 0xA7, 0x62, 0x08, 0xA7, 
  0x62, 0x99, 0x5A, 0x8B, 0x51, 0x08, 0x8B, 0x8B, 0x05, 0x8B, 0x5C, 0x81, 
  0x5F, 0x78, 0x64, 0x08, 0x77, 0x64, 0x6F, 0x69, 0x66, 0x6F, 0x08, 0x66, 
  0x6E, 0x5F, 0x75, 0x58, 0x7C, 0x08, 0x58, 0x7B, 0x51, 0x83, 0x4C, 0x8B, 
  0x08, 0x8B, 0x8B, 0x05, 0x2C, 0x8B, 0x3A, 0x9C, 0x49, 0xAD, 0x08, 0x49, 
  0xAD, 0x59, 0xB7, 0x69, 0xC1, 0x08, 0x69, 0xC1, 0x7A, 0xC4, 0x8B, 0xC7, 
  0x08, 0x8B, 0x8B, 0x05, 0xF7, 0x4E, 0x8B, 0x05, 0x8E, 0x58, 0x99, 0x63, 
  0xA6, 0x6E, 0x08, 0xA6, 0x6D, 0xAB, 0x76, 0xB2, 0x7F, 0x08, 0xB2, 0x7E, 
  0xB1, 0x85, 0xB1, 0x8B, 0x08, 0x8B, 0x8B, 0x05, 0xBE, 0x8B, 0xB5, 0x92, 
  0xAE, 0x98, 0x08, 0xAD, 0x98, 0xA5, 0x9E, 0x9D, 0xA2, 0x08, 0x9D, 0xA2, 
  0x94, 0xA6, 0x8B, 0xA9, 0x08, 0x0E, 0xF9, 0x32, 0x94, 0xFA, 0xCE, 0x15, 
  0xF8, 0xDD, 0x8B, 0x05, 0x8B, 0xFB, 0x22, 0x05, 0xFC, 0xDD, 0x8B, 0x05, 
  0x8B, 0xF7, 0x22, 0x05, 0xF7, 0x5A, 0xFD, 0xC1, 0x15, 0x8B, 0xFA, 0xC8, 
  0x05, 0xF7, 0x4D, 0x8B, 0x05, 0x8B, 0xFE, 0xC9, 0x05, 0x8B, 0x66, 0x91, 
  0x70, 0x96, 0x78, 0x08, 0x96, 0x78, 0x9A, 0x7F, 0x9D, 0x85, 0x08, 0x9D, 
  0x85, 0x9E, 0x88, 0xA0, 0x8B, 0x08, 0x8B, 0x8B, 0x05, 0x9A, 0x8B, 0x9C, 
  0x8D, 0x9C, 0x8E, 0x08, 0x9C, 0x8E, 0x97, 0x8D, 0x94, 0x8D, 0x08, 0x8B, 
  0x8B, 0x05, 0x8C, 0xFB, 0x2B, 0x05, 0x7C, 0x86, 0x78, 0x87, 0x74, 0x87, 
  0x08, 0x73, 0x86, 0x6E, 0x89, 0x6A, 0x8B, 0x08, 0x8B, 0x8B, 0x05, 0x5E, 
  0x8B, 0x61, 0x94, 0x65, 0x9D, 0x08, 0x65, 0x9D, 0x6D, 0xA9, 0x75, 0xB6, 
  0x08, 0x74, 0xB5, 0x80, 0xC4, 0x8B, 0xD3, 0x08, 0x8B, 0x8B, 0x05, 0x0E, 
  0xFA, 0xFD, 0xF9, 0xC0, 0x8B, 0x15, 0x82, 0xF7, 0x8E, 0x05, 0x8B, 0xF9, 
  0xD4, 0x05, 0xF7, 0x4E, 0x8B, 0x05, 0x8B, 0xFE, 0xCE, 0x05, 0xFB, 0x45, 
  0x8B, 0x05, 0xA5, 0xF8, 0x72, 0x15, 0x8B, 0x8B, 0x05, 0xD8, 0x8D, 0x05, 
  0x8B, 0x43, 0x84, 0x49, 0x7C, 0x4E, 0x08, 0x7C, 0x4E, 0x72, 0x56, 0x6A, 
  0x5E, 0x08, 0x6A, 0x5E, 0x5F, 0x69, 0x55, 0x72, 0x08, 0x55, 0x72, 0x49, 
  0x7E, 0x3E, 0x8B, 0x08, 0x8B, 0x8B, 0x05, 0x56, 0x8B, 0x5B, 0x93, 0x60, 
  0x9A, 0x08, 0x5F, 0x9A, 0x65, 0xA3, 0x6C, 0xAB, 0x08, 0x6C, 0xAB, 0x73, 
  0xB5, 0x7A, 0xBE, 0x08, 0x7A, 0xBE, 0x82, 0xC9, 0x8B, 0xD3, 0x08, 0x8B, 
  0x8B, 0x05, 0x8B, 0xF9, 0x4E, 0x05, 0xF7, 0x4D, 0x8B, 0x05, 0x8B, 0xFD, 
  0x50, 0x05, 0x8B, 0x5A, 0x91, 0x63, 0x96, 0x6C, 0x08, 0x96, 0x6B, 0x9A, 
  0x72, 0x9E, 0x79, 0x08, 0x9E, 0x78, 0xA0, 0x7E, 0xA3, 0x84, 0x08, 0xA2, 
  0x84, 0xA4, 0x87, 0xA4, 0x8B, 0x08, 0x8B, 0x8B, 0x05, 0xDA, 0x8B, 0xC9, 
  0x9A, 0xB9, 0xAA, 0x08, 0xB9, 0xA9, 0xAC, 0xB4, 0xA0, 0xBF, 0x08, 0x9F, 
  0xBE, 0x95, 0xC5, 0x8B, 0xCA, 0x08, 0x0E, 0xFA, 0x74, 0xF8, 0x4E, 0x8B, 
  0x15, 0xA7, 0xF7, 0x3B, 0x05, 0xF7, 0xBC, 0xFA, 0x27, 0x05, 0xF7, 0x51, 
  0x8B, 0x05, 0xFC, 0x19, 0xFE, 0xCE, 0x05, 0xFB, 0x10, 0x8B, 0x05, 0xFC, 
  0x2D, 0xFA, 0xCE, 0x15, 0xF7, 0x52, 0x8B, 0x05, 0xF7, 0xC5, 0xFE, 0x2C, 
  0x05, 0xA0, 0xFB, 0x36, 0x05, 0xFB, 0x10, 0x8B, 0x05, 0xFC, 0x1C, 0xFA, 
  0xCE, 0x05, 0x0E, 0x1C, 0x06, 0x03, 0xF8, 0x19, 0x8B, 0x15, 0xA5, 0xF7, 
  0x54, 0x05, 0xF7, 0xAA, 0xFA, 0x0E, 0x05, 0xF7, 0x0E, 0x8B, 0x05, 0x73, 
  0xFB, 0x45, 0x05, 0xFB, 0xAF, 0xFE, 0x1D, 0x05, 0xFB, 0x0B, 0x8B, 0x05, 
  0xFB, 0xEE, 0xFA, 0xCE, 0x15, 0xF7, 0x4D, 0x8B, 0x05, 0xF7, 0x81, 0xFE, 
  0x18, 0x05, 0x9C, 0xFB, 0x4A, 0x05, 0xFB, 0x11, 0x8B, 0x05, 0xFB, 0xCE, 
  0xFA, 0xCE, 0x05, 0xFA, 0x86, 0xFE, 0xCE, 0x15, 0xA7, 0xF7, 0x51, 0x05, 
  0xF7, 0x76, 0xFA, 0x11, 0x05, 0xF7, 0x4C, 0x8B, 0x05, 0xFB, 0xCE, 0xFE, 
  0xCE, 0x05, 0xFB, 0x10, 0x8B, 0x05, 0xFB, 0xE9, 0xFA, 0xCE, 0x15, 0xF7, 
  0x16, 0x8B, 0x05, 0xF7, 0xA4, 0xFD, 0xFF, 0x05, 0xAA, 0xFB, 0x63, 0x05, 
  0xFB, 0x0A, 0x8B, 0x05, 0xFB, 0xB7, 0xFA, 0x1F, 0x05, 0x73, 0xF7, 0x43, 
  0x05, 0x0E, 0xFA, 0x8C, 0xC0, 0xFA, 0xCE, 0x15, 0xF7, 0x69, 0x8B, 0x05, 
  0xF7, 0x81, 0xFC, 0x1E, 0x05, 0xF7, 0x84, 0xF8, 0x1E, 0x05, 0xF7, 0x6D, 
  0x8B, 0x05, 0xFB, 0xF6, 0xFC, 0xAA, 0x05, 0xF8, 0x01, 0xFC, 0xB8, 0x05, 
  0xFB, 0x6A, 0x8B, 0x05, 0xFB, 0x8E, 0xF8, 0x2A, 0x05, 0xFB, 0x8E, 0xFC, 
  0x2A, 0x05, 0xFB, 0x6B, 0x8B, 0x05, 0xF8, 0x00, 0xF8, 0xB8, 0x05, 0xFB, 
  0xF5, 0xF8, 0xAA, 0x05, 0x0E, 0xFA, 0x5D, 0xF8, 0x04, 0x29, 0x15, 0xD8, 
  0xF7, 0x66, 0x05, 0xF7, 0xC1, 0xFA, 0x5E, 0x05, 0xF7, 0x5A, 0x8B, 0x05, 
  0xFC, 0x46, 0x1C, 0xFB, 0x1F, 0x05, 0x81, 0x70, 0x7E, 0x6F, 0x7B, 0x6C, 
  0x08, 0x7A, 0x6C, 0x76, 0x6D, 0x72, 0x6F, 0x08, 0x72, 0x6F, 0x6C, 0x74, 
  0x68, 0x7A, 0x08, 0x67, 0x79, 0x60, 0x82, 0x5A, 0x8B, 0x08, 0x8B, 0x8B, 
  0x05, 0x7C, 0x8B, 0x79, 0x8D, 0x74, 0x8F, 0x08, 0x74, 0x8F, 0x7B, 0x8E, 
  0x82, 0x8E, 0x08, 0x8B, 0x8B, 0x05, 0x8A, 0xF7, 0x2A, 0x05, 0x90, 0x8A, 
  0x94, 0x8B, 0x97, 0x8A, 0x08, 0x96, 0x8A, 0x93, 0x8A, 0x90, 0x8B, 0x08, 
  0x8B, 0x8B, 0x05, 0xB5, 0x8B, 0xAF, 0x91, 0xA8, 0x96, 0x08, 0xA8, 0x96, 
  0xA4, 0x9D, 0xA0, 0xA5, 0x08, 0x9F, 0xA4, 0x9C, 0xAE, 0x9A, 0xB8, 0x08, 
  0x8B, 0x8B, 0x05, 0xFB, 0xEE, 0x1C, 0x04, 0x9C, 0x15, 0xF7, 0x5E, 0x8B, 
  0x05, 0xF7, 0xAD, 0xFD, 0xDC, 0x05, 0xBB, 0xFB, 0x57, 0x05, 0xFB, 0x19, 
  0x47, 0x05, 0xFC, 0x22, 0xFA, 0xE3, 0x05, 0x0E, 0xFA, 0x8C, 0xF7, 0x34, 
  0xF7, 0x2C, 0x15, 0xF9, 0xA7, 0x8B, 0x05, 0x8B, 0xFB, 0x2C, 0x05, 0xFD, 
  0xA7, 0x8B, 0x05, 0x8B, 0xF7, 0x2C, 0x05, 0xF9, 0x8A, 0xFA, 0x36, 0x15, 
  0x8B, 0xFB, 0x17, 0x05, 0xFD, 0x60, 0xFE, 0x4B, 0x05, 0xFB, 0x05, 0x8B, 
  0x05, 0x8B, 0xF7, 0x1C, 0x05, 0xF9, 0x5B, 0xFA, 0x46, 0x05, 0xF7, 0x0A, 
  0x8B, 0x05, 0xFD, 0xC9, 0x8B, 0x15, 0xF9, 0x77, 0x8B, 0x05, 0x8B, 0xFB, 
  0x2D, 0x05, 0xFD, 0x77, 0x8B, 0x05, 0x8B, 0xF7, 0x2D, 0x05, 0x0E, 0xF8, 
  0xA4, 0xF7, 0x3B, 0x1C, 0x05, 0xB0, 0x15, 0xF7, 0x56, 0x8B, 0x05, 0x7E, 
  0xFE, 0xA9, 0x05, 0xFB, 0x3B, 0x8B, 0x05, 0x7D, 0xFA, 0xA9, 0x05, 0x85, 
  0x1C, 0xFA, 0xAD, 0x15, 0x8B, 0x8B, 0x05, 0x8B, 0xA9, 0x94, 0xA4, 0x9E, 
  0xA0, 0x08, 0x9D, 0xA0, 0xA6, 0x95, 0xAF, 0x8B, 0x08, 0x8B, 0x8B, 0x05, 
  0xAE, 0x8B, 0xA7, 0x81, 0x9E, 0x76, 0x08, 0x9E, 0x76, 0x94, 0x72, 0x8B, 
  0x6D, 0x08, 0x8B, 0x8B, 0x05, 0x8B, 0x6E, 0x82, 0x73, 0x78, 0x76, 0x08, 
  0x78, 0x76, 0x6F, 0x81, 0x68, 0x8B, 0x08, 0x8B, 0x8B, 0x05, 0x67, 0x8B, 
  0x70, 0x95, 0x79, 0xA0, 0x08, 0x78, 0xA0, 0x82, 0xA3, 0x8B, 0xA8, 0x08, 
  0x0E, 0xF9, 0x24, 0xF7, 0x1D, 0x1C, 0x06, 0x00, 0x15, 0xF7, 0x21, 0x8B, 
  0x05, 0x8B, 0xFB, 0x1C, 0x05, 0x6D, 0xFB, 0xF9, 0x05, 0xFB, 0x03, 0x8B, 
  0x05, 0x8B, 0xF7, 0xF0, 0x05, 0x8B, 0xF7, 0x25, 0x05, 0xF7, 0xA2, 0x8B, 
  0x15, 0xF7, 0x21, 0x8B, 0x05, 0x8B, 0xFB, 0x1C, 0x05, 0x6D, 0xFB, 0xF9, 
  0x05, 0xFB, 0x03, 0x8B, 0x05, 0x8B, 0xF7, 0xF7, 0x05, 0x8B, 0xF7, 0x1E, 
  0x05, 0x0E, 0x1C, 0x04, 0xED, 0xF8, 0x3A, 0x8B, 0x15, 0xFB, 0x23, 0x8B, 
  0x05, 0xF7, 0xAF, 0x1C, 0x05, 0xB0, 0x05, 0xF7, 0x24, 0x8B, 0x05, 0xFB, 
  0xB0, 0x1C, 0xFA, 0x50, 0x05, 0xF8, 0x2B, 0x8B, 0x15, 0xFB, 0x23, 0x8B, 
  0x05, 0xF7, 0xB0, 0x1C, 0x05, 0xB0, 0x05, 0xF7, 0x23, 0x8B, 0x05, 0xFB, 
  0xB0, 0x1C, 0xFA, 0x50, 0x05, 0xF8, 0x2A, 0xFA, 0xA4, 0x15, 0x8B, 0xFB, 
  0x1F, 0x05, 0xFE, 0xA4, 0x8B, 0x05, 0x8B, 0xF7, 0x1F, 0x05, 0xFA, 0xA4, 
  0x8B, 0x05, 0x40, 0xFC, 0x80, 0x15, 0x8B, 0xFB, 0x1E, 0x05, 0xFE, 0xA5, 
  0x8B, 0x05, 0x8B, 0xF7, 0x1E, 0x05, 0xFA, 0xA5, 0x8B, 0x05, 0x0E, 0x1C, 
  0x04, 0x7F, 0xF8, 0xA0, 0x1C, 0x06, 0x9C, 0x15, 0xF7, 0x2A, 0x8B, 0x05, 
  0x8B, 0xFB, 0xC5, 0x05, 0xFB, 0x2A, 0x8B, 0x05, 0x8B, 0xF7, 0xC5, 0x05, 
  0x7A, 0x1C, 0xF9, 0x9F, 0x15, 0xF7, 0x29, 0x8B, 0x05, 0x8B, 0xFB, 0x9F, 
  0x05, 0xFB, 0x29, 0x8B, 0x05, 0x8B, 0xF7, 0x9F, 0x05, 0xF7, 0xF1, 0xF7, 
  0xD0, 0x15, 0x8B, 0x8B, 0x05, 0x8B, 0xB3, 0x82, 0xAF, 0x79, 0xAB, 0x08, 
  0x79, 0xAB, 0x6D, 0xA8, 0x62, 0xA6, 0x08, 0x62, 0xA6, 0x53, 0xA3, 0x46, 
  0xA2, 0x08, 0x8B, 0x8B, 0x05, 0x37, 0xA5, 0x42, 0xAB, 0x4F, 0xB0, 0x08, 
  0x4E, 0xB0, 0x5C, 0xBA, 0x6A, 0xC2, 0x08, 0x6A, 0xC2, 0x7A, 0xCE, 0x8B, 
  0xDA, 0x08, 0x8B, 0x8B, 0x05, 0x8B, 0xDD, 0x9D, 0xD2, 0xAE, 0xC6, 0x08, 
  0xAE, 0xC6, 0xBD, 0xB9, 0xCC, 0xAB, 0x08, 0xCC, 0xAB, 0xD7, 0x9B, 0xE2, 
  0x8B, 0x08, 0x8B, 0x8B, 0x05, 0xCF, 0x8B, 0xC8, 0x81, 0xC0, 0x77, 0x08, 
  0xC0, 0x76, 0xB9, 0x6D, 0xB0, 0x63, 0x08, 0xB0, 0x63, 0xA7, 0x5A, 0x9F, 
  0x51, 0x08, 0x9E, 0x51, 0x95, 0x48, 0x8B, 0x3F, 0x08, 0x8B, 0x8B, 0x05, 
  0xFB, 0x4C, 0x8B, 0x05, 0x8B, 0xB8, 0x86, 0xB4, 0x80, 0xB0, 0x08, 0x80, 
  0xB0, 0x7B, 0xAC, 0x76, 0xA7, 0x08, 0x76, 0xA6, 0x71, 0xA1, 0x6C, 0x9A, 
  0x08, 0x6C, 0x9A, 0x68, 0x92, 0x63, 0x8B, 0x08, 0x8B, 0x8B, 0x05, 0x53, 
  0x8B, 0x5D, 0x81, 0x67, 0x78, 0x08, 0x66, 0x78, 0x70, 0x70, 0x7A, 0x68, 
  0x08, 0x7A, 0x68, 0x82, 0x62, 0x8B, 0x5D, 0x08, 0x8B, 0x8B, 0x05, 0x8B, 
  0x60, 0x94, 0x66, 0x9C, 0x6B, 0x08, 0x9C, 0x6B, 0xA9, 0x6E, 0xB5, 0x72, 
  0x08, 0xB4, 0x71, 0xC5, 0x72, 0xD4, 0x72, 0x08, 0x8B, 0x8B, 0x05, 0xE1, 
  0x70, 0xD4, 0x6B, 0xC7, 0x66, 0x08, 0xC7, 0x66, 0xB9, 0x5D, 0xAA, 0x56, 
  0x08, 0xAA, 0x55, 0x9B, 0x48, 0x8B, 0x3C, 0x08, 0x8B, 0x8B, 0x05, 0x8B, 
  0x35, 0x78, 0x42, 0x64, 0x51, 0x08, 0x64, 0x50, 0x55, 0x5E, 0x45, 0x6C, 
  0x08, 0x45, 0x6C, 0x39, 0x7C, 0x2D, 0x8B, 0x08, 0x8B, 0x8B, 0x05, 0x52, 
  0x8B, 0x53, 0x93, 0x54, 0x9A, 0x08, 0x54, 0x9A, 0x59, 0xA5, 0x5E, 0xAE, 
  0x08, 0x5E, 0xAE, 0x68, 0xB9, 0x70, 0xC5, 0x08, 0x70, 0xC4, 0x7E, 0xD2, 
  0x8B, 0xDF, 0x08, 0x8B, 0x8B, 0x05, 0xF7, 0x4E, 0x8B, 0x05, 0x8B, 0x52, 
  0x93, 0x5D, 0x9C, 0x66, 0x08, 0x9B, 0x66, 0xA1, 0x6D, 0xA6, 0x76, 0x08, 
  0xA6, 0x75, 0xA9, 0x7C, 0xAD, 0x82, 0x08, 0xAC, 0x82, 0xAB, 0x86, 0xAC, 
  0x8B, 0x08, 0x8B, 0x8B, 0x05, 0xC7, 0x8B, 0xBE, 0x95, 0xB5, 0x9E, 0x08, 
  0xB4, 0x9E, 0xAB, 0xA6, 0xA1, 0xAE, 0x08, 0xA1, 0xAE, 0x96, 0xB5, 0x8B, 
  0xBA, 0x08, 0x0E, 0x1C, 0x05, 0xDC, 0xF4, 0xFA, 0xDF, 0x15, 0x8B, 0x8B, 
  0x05, 0x8B, 0xD8, 0x05, 0x8B, 0xC2, 0x97, 0xBE, 0xA3, 0xB8, 0x08, 0xA3, 
  0xB8, 0xAD, 0xB0, 0xB8, 0xA6, 0x08, 0xB8, 0xA6, 0xC0, 0x99, 0xC8, 0x8B, 
  0x08, 0x8B, 0x8B, 0x05, 0xCA, 0x8B, 0xC0, 0x7D, 0xB8, 0x70, 0x08, 0xB7, 
  0x70, 0xAD, 0x66, 0xA3, 0x5E, 0x08, 0xA3, 0x5E, 0x97, 0x58, 0x8B, 0x54, 
  0x08, 0x8B, 0x8B, 0x05, 0x8B, 0x3E, 0x05, 0x8B, 0x55, 0x7F, 0x59, 0x74, 
  0x5E, 0x08, 0x73, 0x5E, 0x69, 0x66, 0x5F, 0x70, 0x08, 0x5E, 0x70, 0x56, 
  0x7D, 0x4D, 0x8B, 0x08, 0x8B, 0x8B, 0x05, 0x4D, 0x8B, 0x56, 0x99, 0x5E, 
  0xA6, 0x08, 0x5E, 0xA6, 0x68, 0xB0, 0x73, 0xB8, 0x08, 0x73, 0xB8, 0x7F, 
  0xBD, 0x8B, 0xC1, 0x08, 0xF7, 0x1F, 0xD8, 0x15, 0x8B, 0x8B, 0x05, 0x8B, 
  0x3E, 0x05, 0x8B, 0x6C, 0x91, 0x6E, 0x97, 0x70, 0x08, 0x96, 0x70, 0x9D, 
  0x74, 0xA3, 0x7B, 0x08, 0xA3, 0x7A, 0xA9, 0x82, 0xAF, 0x8B, 0x08, 0x8B, 
  0x8B, 0x05, 0xAF, 0x8B, 0xA9, 0x93, 0xA2, 0x9D, 0x08, 0xA2, 0x9C, 0x9D, 
  0xA1, 0x96, 0xA6, 0x08, 0x96, 0xA6, 0x91, 0xA8, 0x8B, 0xAA, 0x08, 0x8B, 
  0x8B, 0x05, 0x8B, 0xD8, 0x05, 0x8B, 0xAA, 0x85, 0xA9, 0x80, 0xA7, 0x08, 
  0x7F, 0xA6, 0x79, 0xA2, 0x74, 0x9C, 0x08, 0x73, 0x9C, 0x6D, 0x93, 0x67, 
  0x8B, 0x08, 0x8B, 0x8B, 0x05, 0x68, 0x8B, 0x6D, 0x83, 0x74, 0x7A, 0x08, 
  0x73, 0x7A, 0x79, 0x74, 0x80, 0x70, 0x08, 0x7F, 0x6F, 0x85, 0x6D, 0x8B, 
  0x6C, 0x08, 0xF8, 0xCE, 0xFE, 0x15, 0x15, 0x8B, 0x8B, 0x05, 0x8B, 0xD9, 
  0x05, 0x8B, 0xC2, 0x97, 0xBD, 0xA3, 0xB8, 0x08, 0xA3, 0xB8, 0xAD, 0xB0, 
  0xB8, 0xA6, 0x08, 0xB8, 0xA6, 0xC0, 0x99, 0xC8, 0x8B, 0x08, 0x8B, 0x8B, 
  0x05, 0xCA, 0x8B, 0xC0, 0x7D, 0xB8, 0x70, 0x08, 0xB7, 0x70, 0xAD, 0x66, 
  0xA3, 0x5E, 0x08, 0xA3, 0x5E, 0x97, 0x59, 0x8B, 0x54, 0x08, 0x8B, 0x8B, 
  0x05, 0x8B, 0x3D, 0x05, 0x8B, 0x54, 0x7F, 0x59, 0x74, 0x5E, 0x08, 0x73, 
  0x5E, 0x69, 0x66, 0x5F, 0x70, 0x08, 0x5E, 0x70, 0x56, 0x7D, 0x4D, 0x8B, 
  0x08, 0x8B, 0x8B, 0x05, 0x4D, 0x8B, 0x56, 0x99, 0x5E, 0xA6, 0x08, 0x5E, 
  0xA6, 0x69, 0xB0, 0x73, 0xB8, 0x08, 0x72, 0xB8, 0x7F, 0xBD, 0x8B, 0xC2, 
  0x08, 0xF7, 0x1F, 0xD9, 0x15, 0x8B, 0x8B, 0x05, 0x8B, 0x3D, 0x05, 0x8B, 
  0x6C, 0x91, 0x6E, 0x97, 0x70, 0x08, 0x96, 0x6F, 0x9D, 0x75, 0xA3, 0x7A, 
  0x08, 0xA3, 0x7A, 0xA9, 0x82, 0xAF, 0x8B, 0x08, 0x8B, 0x8B, 0x05, 0xAF, 
  0x8B, 0xA9, 0x94, 0xA3, 0x9C, 0x08, 0xA2, 0x9C, 0x9D, 0xA1, 0x96, 0xA6, 
  0x08, 0x96, 0xA6, 0x91, 0xA9, 0x8B, 0xAA, 0x08, 0x8B, 0x8B, 0x05, 0x8B, 
  0xD9, 0x05, 0x8B, 0xAA, 0x85, 0xA9, 0x80, 0xA6, 0x08, 0x7F, 0xA6, 0x79, 
  0xA2, 0x74, 0x9C, 0x08, 0x73, 0x9C, 0x6D, 0x93, 0x66, 0x8B, 0x08, 0x8B, 
  0x8B, 0x05, 0x68, 0x8B, 0x6D, 0x83, 0x74, 0x7A, 0x08, 0x73, 0x7A, 0x79, 
  0x74, 0x80, 0x70, 0x08, 0x7F, 0x70, 0x85, 0x6D, 0x8B, 0x6C, 0x08, 0xF0, 
  0xFA, 0x52, 0x15, 0xF3, 0x49, 0x05, 0xFD, 0x5B, 0x1C, 0xFB, 0x8E, 0x05, 
  0x23, 0xCD, 0x05, 0xF9, 0x5B, 0x1C, 0x04, 0x72, 0x05, 0x0E, 0x1C, 0x04, 
  0xFA, 0xF8, 0x2E, 0xF9, 0xBC, 0x15, 0x8B, 0x8B, 0x05, 0xF7, 0x6E, 0xF7, 
  0x2F, 0x05, 0xB5, 0xA8, 0xAC, 0xA8, 0xA2, 0xA8, 0x08, 0xA2, 0xA8, 0x96, 
  0xB2, 0x8B, 0xBE, 0x08, 0x8B, 0x8B, 0x05, 0x8B, 0xB2, 0x7C, 0xAF, 0x6C, 
  0xAC, 0x08, 0x6C, 0xAB, 0x60, 0x9B, 0x53, 0x8B, 0x08, 0x8B, 0x8B, 0x05, 
  0x64, 0x8B, 0x6B, 0x82, 0x70, 0x79, 0x08, 0x70, 0x79, 0x77, 0x73, 0x7E, 
  0x6E, 0x08, 0x7E, 0x6D, 0x84, 0x6A, 0x8B, 0x68, 0x08, 0x8B, 0x8B, 0x05, 
  0x8B, 0x6D, 0x92, 0x6C, 0x9A, 0x6B, 0x08, 0x9A, 0x6B, 0x9F, 0x6A, 0xA5, 
  0x68, 0x08, 0xA5, 0x68, 0xA9, 0x67, 0xAC, 0x64, 0x08, 0x8B, 0x8B, 0x05, 
  0xF9, 0x45, 0xFD, 0xCE, 0x05, 0xFB, 0x72, 0x8B, 0x05, 0xFC, 0xC9, 0xF9, 
  0x38, 0x05, 0x59, 0xC6, 0x5E, 0xC1, 0x64, 0xBC, 0x08, 0x64, 0xBC, 0x6C, 
  0xBA, 0x75, 0xB9, 0x08, 0x74, 0xB9, 0x80, 0xBB, 0x8B, 0xBC, 0x08, 0x8B, 
  0x8B, 0x05, 0x8B, 0xD7, 0x9A, 0xCB, 0xAA, 0xC0, 0x08, 0xA9, 0xBF, 0xB5, 
  0xB3, 0xC2, 0xA6, 0x08, 0xC2, 0xA6, 0xCB, 0x99, 0xD4, 0x8B, 0x08, 0x8B, 
  0x8B, 0x05, 0xD2, 0x8B, 0xC9, 0x7D, 0xBF, 0x6F, 0x08, 0xBE, 0x6E, 0xB3, 
  0x66, 0xA7, 0x5D, 0x08, 0xA7, 0x5C, 0x99, 0x58, 0x8B, 0x54, 0x08, 0x8B, 
  0x8B, 0x05, 0x8B, 0x5C, 0x83, 0x62, 0x7A, 0x66, 0x08, 0x7A, 0x66, 0x74, 
  0x69, 0x6E, 0x6C, 0x08, 0x6D, 0x6C, 0x68, 0x6D, 0x64, 0x6E, 0x08, 0x8B, 
  0x8B, 0x05, 0xFB, 0xB5, 0xFB, 0x6B, 0x05, 0x5B, 0x68, 0x68, 0x69, 0x75, 
  0x6B, 0x08, 0x75, 0x6B, 0x7D, 0x6F, 0x85, 0x72, 0x08, 0x84, 0x72, 0x88, 
  0x78, 0x8B, 0x7C, 0x08, 0x8B, 0x8B, 0x05, 0x8B, 0x5C, 0x95, 0x5F, 0xA0, 
  0x64, 0x08, 0xA0, 0x64, 0xAA, 0x6B, 0xB6, 0x74, 0x08, 0xB5, 0x73, 0xC0, 
  0x7F, 0xCB, 0x8B, 0x08, 0x8B, 0x8B, 0x05, 0xC3, 0x8B, 0xC2, 0x98, 0xC0, 
  0xA5, 0x08, 0xC0, 0xA4, 0xBA, 0xB0, 0xB5, 0xBB, 0x08, 0xB5, 0xBA, 0xAC, 
  0xC4, 0xA5, 0xCE, 0x08, 0xA4, 0xCD, 0x97, 0xD4, 0x8B, 0xDC, 0x08, 0x8B, 
  0x8B, 0x05, 0xF7, 0x3A, 0x8B, 0x05, 0x8B, 0x49, 0x85, 0x4D, 0x7E, 0x50, 
  0x08, 0x7E, 0x50, 0x78, 0x55, 0x71, 0x59, 0x08, 0x70, 0x58, 0x6A, 0x5D, 
  0x62, 0x62, 0x08, 0x8B, 0x8B, 0x05, 0x85, 0x85, 0x86, 0x84, 0x88, 0x83, 
  0x08, 0x88, 0x83, 0x86, 0x84, 0x85, 0x85, 0x08, 0x8B, 0x8B, 0x05, 0x59, 
  0x55, 0x4E, 0x63, 0x42, 0x70, 0x08, 0x42, 0x70, 0x41, 0x7D, 0x42, 0x8B, 
  0x08, 0x8B, 0x8B, 0x05, 0x2A, 0x8B, 0x38, 0x9D, 0x45, 0xAE, 0x08, 0x44, 
  0xAE, 0x55, 0xBC, 0x65, 0xC9, 0x08, 0x65, 0xC9, 0x78, 0xD2, 0x8B, 0xDB, 
  0x08, 0x8B, 0x8B, 0x05, 0x8B, 0xC8, 0x98, 0xC1, 0xA6, 0xBA, 0x08, 0xA5, 
  0xBA, 0xAF, 0xB6, 0xBA, 0xB4, 0x08, 0xB9, 0xB4, 0xC0, 0xB4, 0xC7, 0xB4, 
  0x08, 0x0E, 0xF7, 0xFA, 0xF4, 0x1C, 0x06, 0x00, 0x15, 0xF7, 0x29, 0x8B, 
  0x05, 0x8B, 0xFB, 0x02, 0x05, 0x76, 0xFC, 0x04, 0x05, 0xFB, 0x15, 0x8B, 
  0x05, 0x8C, 0xF7, 0xF3, 0x05, 0x8B, 0xF7, 0x13, 0x05, 0x0E, 0xF9, 0x51, 
  0xF7, 0x1A, 0xF8, 0xDA, 0x15, 0x8B, 0x8B, 0x05, 0x8B, 0x95, 0x05, 0x8B, 
  0xF7, 0x25, 0x9B, 0xF7, 0x18, 0xAC, 0xF7, 0x0A, 0x08, 0xAC, 0xF7, 0x09, 
  0xB4, 0xF2, 0xBE, 0xE4, 0x08, 0xBE, 0xE4, 0xC0, 0xD4, 0xC3, 0xC6, 0x08, 
  0xC3, 0xC5, 0xBF, 0xB5, 0xBA, 0xA5, 0x08, 0x8B, 0x8B, 0x05, 0xB2, 0xFB, 
  0x0E, 0x05, 0x64, 0x6D, 0x63, 0x62, 0x63, 0x56, 0x08, 0x62, 0x56, 0x66, 
  0x4B, 0x6A, 0x3E, 0x08, 0x69, 0x3E, 0x70, 0x32, 0x76, 0x26, 0x08, 0x76, 
  0x26, 0x81, 0xFB, 0x06, 0x8B, 0xFB, 0x13, 0x08, 0x8B, 0x8B, 0x05, 0x8B, 
  0x7D, 0x05, 0x8B, 0xFB, 0x13, 0x95, 0xFB, 0x06, 0xA0, 0x26, 0x08, 0xA0, 
  0x25, 0xA6, 0x31, 0xAD, 0x3E, 0x08, 0xAC, 0x3E, 0xB0, 0x49, 0xB4, 0x55, 
  0x08, 0xB3, 0x54, 0xB3, 0x60, 0xB2, 0x6B, 0x08, 0x8B, 0x8B, 0x05, 0x64, 
  0xFB, 0x04, 0x05, 0x5C, 0xA5, 0x57, 0xB5, 0x53, 0xC6, 0x08, 0x53, 0xC5, 
  0x56, 0xD4, 0x58, 0xE4, 0x08, 0x58, 0xE3, 0x62, 0xF2, 0x6A, 0xF7, 0x0A, 
  0x08, 0x6A, 0xF7, 0x0A, 0x7B, 0xF7, 0x18, 0x8B, 0xF7, 0x26, 0x08, 0x0E, 
  0xF9, 0x5D, 0xF8, 0xCB, 0xF8, 0xE4, 0x15, 0x8B, 0x8B, 0x05, 0x8B, 0x81, 
  0x05, 0x8B, 0xFB, 0x26, 0x7B, 0xFB, 0x18, 0x6A, 0xFB, 0x0A, 0x08, 0x6A, 
  0xFB, 0x0A, 0x62, 0x24, 0x58, 0x33, 0x08, 0x58, 0x32, 0x56, 0x42, 0x53, 
  0x51, 0x08, 0x53, 0x50, 0x57, 0x61, 0x5C, 0x71, 0x08, 0x8B, 0x8B, 0x05, 
  0x64, 0xF7, 0x04, 0x05, 0xB2, 0xA9, 0xB3, 0xB5, 0xB3, 0xC1, 0x08, 0xB3, 
  0xC0, 0xB0, 0xCD, 0xAD, 0xDA, 0x08, 0xAD, 0xD9, 0xA6, 0xE5, 0xA0, 0xF2, 
  0x08, 0xA0, 0xF1, 0x95, 0xF7, 0x06, 0x8B, 0xF7, 0x13, 0x08, 0x8B, 0x8B, 
  0x05, 0x8B, 0x99, 0x05, 0x8B, 0xF7, 0x13, 0x80, 0xF7, 0x06, 0x75, 0xF2, 
  0x08, 0x75, 0xF1, 0x6F, 0xE5, 0x68, 0xD9, 0x08, 0x68, 0xD9, 0x65, 0xCD, 
  0x64, 0xC1, 0x08, 0x63, 0xC0, 0x65, 0xB5, 0x68, 0xA8, 0x08, 0x8B, 0x8B, 
  0x05, 0xB2, 0xF7, 0x05, 0x05, 0xBA, 0x71, 0xBF, 0x61, 0xC3, 0x51, 0x08, 
  0xC3, 0x50, 0xC0, 0x42, 0xBE, 0x32, 0x08, 0xBE, 0x32, 0xB4, 0x24, 0xAC, 
  0xFB, 0x09, 0x08, 0xAC, 0xFB, 0x0A, 0x9B, 0xFB, 0x18, 0x8B, 0xFB, 0x25, 
  0x08, 0x0E, 0xFA, 0x06, 0xF7, 0x92, 0xF8, 0xFD, 0x15, 0xFB, 0x11, 0xE6, 
  0x05, 0xF7, 0x5D, 0xF7, 0xA8, 0x05, 0xFB, 0xC2, 0xE5, 0x05, 0xBA, 0xF7, 
  0x2A, 0x05, 0xF7, 0xC2, 0xFB, 0x03, 0x05, 0x82, 0xF7, 0xEC, 0x05, 0xF7, 
  0x2C, 0x8B, 0x05, 0x81, 0xFB, 0xF2, 0x05, 0xF7, 0xBE, 0xF7, 0x03, 0x05, 
  0xB9, 0xFB, 0x2D, 0x05, 0xFB, 0xC7, 0x30, 0x05, 0xF7, 0x59, 0xFB, 0xA3, 
  0x05, 0xFB, 0x10, 0x2E, 0x05, 0xFB, 0x4D, 0xF7, 0xB4, 0x05, 0xFB, 0x49, 
  0xFB, 0xAD, 0x05, 0x0E, 0x1C, 0x04, 0x8A, 0xD9, 0xF9, 0xA1, 0x15, 0xFA, 
  0x7A, 0x8B, 0x05, 0x8B, 0xFB, 0x42, 0x05, 0xFE, 0x7A, 0x8B, 0x05, 0x8B, 
  0xF7, 0x42, 0x05, 0xF8, 0x2B, 0xF8, 0x3D, 0x15, 0xF7, 0x4D, 0x8B, 0x05, 
  0x8B, 0xFE, 0xB8, 0x05, 0xFB, 0x4D, 0x8B, 0x05, 0x8B, 0xFA, 0xB8, 0x05, 
  0x0E, 0xF8, 0x27, 0xF7, 0x14, 0xF7, 0x70, 0x15, 0xF7, 0x49, 0x8B, 0x05, 
  0x8B, 0xFB, 0x29, 0x05, 0x8B, 0x4E, 0x7C, 0x4B, 0x6C, 0x48, 0x08, 0x6C, 
  0x47, 0x60, 0x52, 0x54, 0x5E, 0x08, 0x8B, 0x8B, 0x05, 0x22, 0xD4, 0x05, 
  0xA0, 0xA8, 0x9D, 0xA9, 0x9A, 0xAA, 0x08, 0x9A, 0xA9, 0x96, 0xAA, 0x93, 
  0xAC, 0x08, 0x92, 0xAB, 0x8F, 0xAD, 0x8B, 0xAF, 0x08, 0x8B, 0x8B, 0x05, 
  0x8B, 0xF7, 0x2C, 0x05, 0x0E, 0xF8, 0xCA, 0xB1, 0xF9, 0x4B, 0x15, 0xF8, 
  0x7C, 0x8B, 0x05, 0x8B, 0xFB, 0x2C, 0x05, 0xFC, 0x7C, 0x8B, 0x05, 0x8B, 
  0xF7, 0x2C, 0x05, 0x0E, 0xF8, 0xB0, 0xF7, 0x24, 0xED, 0x15, 0x8B, 0x8B, 
  0x05, 0x8B, 0xAA, 0x95, 0xA6, 0x9F, 0xA1, 0x08, 0x9E, 0xA0, 0xA8, 0x96, 
  0xB0, 0x8B, 0x08, 0x8B, 0x8B, 0x05, 0xB0, 0x8B, 0xA8, 0x80, 0x9F, 0x76, 
  0x08, 0x9E, 0x75, 0x95, 0x70, 0x8B, 0x6C, 0x08, 0x8B, 0x8B, 0x05, 0x8B, 
  0x6C, 0x81, 0x71, 0x78, 0x76, 0x08, 0x77, 0x76, 0x6E, 0x80, 0x66, 0x8B, 
  0x08, 0x8B, 0x8B, 0x05, 0x66, 0x8B, 0x6E, 0x96, 0x78, 0xA0, 0x08, 0x77, 
  0xA0, 0x81, 0xA5, 0x8B, 0xAA, 0x08, 0x0E, 0xF9, 0xE1, 0xF9, 0x07, 0x1C, 
  0x05, 0xB0, 0x15, 0xF7, 0x32, 0x8B, 0x05, 0xFC, 0xF3, 0x1C, 0xF9, 0xD3, 
  0x05, 0xFB, 0x33, 0x8B, 0x05, 0xF8, 0xF4, 0x1C, 0x06, 0x2D, 0x05, 0x0E, 
  0xF8, 0x84, 0xF7, 0x19, 0xED, 0x15, 0x8B, 0x8B, 0x05, 0x8B, 0xAA, 0x95, 
  0xA6, 0x9F, 0xA1, 0x08, 0x9E, 0xA0, 0xA8, 0x96, 0xB0, 0x8B, 0x08, 0x8B, 
  0x8B, 0x05, 0xB0, 0x8B, 0xA8, 0x80, 0x9F, 0x76, 0x08, 0x9E, 0x75, 0x95, 
  0x70, 0x8B, 0x6C, 0x08, 0x8B, 0x8B, 0x05, 0x8B, 0x6C, 0x81, 0x71, 0x78, 
  0x76, 0x08, 0x77, 0x76, 0x6E, 0x80, 0x66, 0x8B, 0x08, 0x8B, 0x8B, 0x05, 
  0x66, 0x8B, 0x6E, 0x96, 0x78, 0xA0, 0x08, 0x77, 0xA0, 0x81, 0xA5, 0x8B, 
  0xAA, 0x08, 0x8C, 0xFA, 0x07, 0x15, 0x8B, 0x8B, 0x05, 0x8B, 0xAA, 0x95, 
  0xA6, 0x9F, 0xA1, 0x08, 0x9E, 0xA0, 0xA8, 0x96, 0xB0, 0x8B, 0x08, 0x8B, 
  0x8B, 0x05, 0xB0, 0x8B, 0xA8, 0x80, 0x9F, 0x76, 0x08, 0x9E, 0x75, 0x95, 
  0x70, 0x8B, 0x6C, 0x08, 0x8B, 0x8B, 0x05, 0x8B, 0x6C, 0x81, 0x71, 0x78, 
  0x76, 0x08, 0x77, 0x76, 0x6E, 0x80, 0x66, 0x8B, 0x08, 0x8B, 0x8B, 0x05, 
  0x66, 0x8B, 0x6E, 0x96, 0x78, 0xA0, 0x08, 0x77, 0xA0, 0x81, 0xA5, 0x8B, 
  0xAA, 0x08, 0x0E, 0xF8, 0x45, 0xF7, 0x02, 0xFA, 0x69, 0x15, 0x8B, 0x8B, 
  0x05, 0x8B, 0xAA, 0x95, 0xA6, 0x9F, 0xA1, 0x08, 0x9E, 0xA0, 0xA8, 0x96, 
  0xB0, 0x8B, 0x08, 0x8B, 0x8B, 0x05, 0xB0, 0x8B, 0xA8, 0x80, 0x9F, 0x76, 
  0x08, 0x9E, 0x75, 0x95, 0x70, 0x8B, 0x6C, 0x08, 0x8B, 0x8B, 0x05, 0x8B, 
  0x6C, 0x81, 0x71, 0x78, 0x76, 0x08, 0x77, 0x76, 0x6E, 0x80, 0x66, 0x8B, 
  0x08, 0x8B, 0x8B, 0x05, 0x66, 0x8B, 0x6E, 0x96, 0x78, 0xA0, 0x08, 0x77, 
  0xA0, 0x81, 0xA5, 0x8B, 0xAA, 0x08, 0xA9, 0xFD, 0x8D, 0x15, 0xF7, 0x49, 
  0x8B, 0x05, 0x8B, 0xFB, 0x29, 0x05, 0x8B, 0x4E, 0x7C, 0x4B, 0x6C, 0x48, 
  0x08, 0x6C, 0x47, 0x60, 0x52, 0x54, 0x5E, 0x08, 0x8B, 0x8B, 0x05, 0x22, 
  0xD4, 0x05, 0xA0, 0xA8, 0x9D, 0xA9, 0x9A, 0xAA, 0x08, 0x9A, 0xA9, 0x96, 
  0xAA, 0x93, 0xAC, 0x08, 0x92, 0xAB, 0x8F, 0xAD, 0x8B, 0xAF, 0x08, 0x8B, 
  0x8B, 0x05, 0x8B, 0xF7, 0x2C, 0x05, 0x0E, 0xFA, 0xA5, 0xD3, 0xF9, 0x46, 
  0x15, 0xF7, 0x13, 0x79, 0x05, 0xF9, 0x47, 0xFB, 0xAC, 0x05, 0x8B, 0xFB, 
  0x58, 0x05, 0xFD, 0xC6, 0xF8, 0x0F, 0x05, 0x8B, 0xF7, 0x07, 0x05, 0xF9, 
  0xC6, 0xF8, 0x2C, 0x15, 0x8B, 0xFB, 0x58, 0x05, 0xFD, 0x46, 0xFB, 0xB0, 
  0x05, 0xFB, 0x14, 0x7D, 0x05, 0x8B, 0xF7, 0x08, 0x05, 0xF9, 0xC6, 0xF8, 
  0x0E, 0x05, 0x0E, 0xFA, 0xF8, 0xF7, 0x2C, 0xFA, 0x63, 0x15, 0xF9, 0xD6, 
  0x8B, 0x05, 0x8B, 0xFB, 0x35, 0x05, 0xFD, 0xD6, 0x8B, 0x05, 0x8B, 0xF7, 
  0x35, 0x05, 0x8B, 0xFC, 0x33, 0x15, 0xF9, 0xD6, 0x8B, 0x05, 0x8B, 0xFB, 
  0x35, 0x05, 0xFD, 0xD6, 0x8B, 0x05, 0x8B, 0xF7, 0x35, 0x05, 0x0E, 0xFA, 
  0xC3, 0xFA, 0x71, 0xF8, 0xF1, 0x15, 0xFB, 0x23, 0xA6, 0x05, 0xFD, 0x5B, 
  0xF7, 0xA9, 0x05, 0x8B, 0xF7, 0x53, 0x05, 0xF9, 0xEA, 0xFC, 0x0E, 0x05, 
  0x8B, 0xFB, 0x09, 0x05, 0xFD, 0xEA, 0xFC, 0x2C, 0x15, 0x8B, 0xF7, 0x53, 
  0x05, 0xF9, 0x5D, 0xF7, 0xAF, 0x05, 0xF7, 0x21, 0xA0, 0x05, 0x8B, 0xFB, 
  0x08, 0x05, 0xFD, 0xEA, 0xFC, 0x0F, 0x05, 0x0E, 0xFA, 0x5C, 0xF8, 0xB3, 
  0xF8, 0x2E, 0x15, 0x8B, 0x8B, 0x05, 0xFB, 0x4E, 0x8B, 0x05, 0x8C, 0xCB, 
  0x91, 0xC0, 0x96, 0xB4, 0x08, 0x96, 0xB4, 0x9D, 0xB0, 0xA4, 0xAD, 0x08, 
  0xA4, 0xAD, 0xAD, 0xB2, 0xB5, 0xB6, 0x08, 0x8B, 0x8B, 0x05, 0xAA, 0xAA, 
  0xA7, 0xA9, 0xA5, 0xA7, 0x08, 0xA4, 0xA6, 0xA0, 0xA9, 0x9B, 0xAC, 0x08, 
  0x9B, 0xAB, 0x93, 0xB2, 0x8B, 0xB8, 0x08, 0x8B, 0x8B, 0x05, 0x8B, 0xB9, 
  0x83, 0xB3, 0x7B, 0xAC, 0x08, 0x7A, 0xAC, 0x73, 0xA5, 0x6C, 0x9D, 0x08, 
  0x6B, 0x9D, 0x64, 0x94, 0x5C, 0x8B, 0x08, 0x8B, 0x8B, 0x05, 0x64, 0x8B, 
  0x67, 0x84, 0x68, 0x7D, 0x08, 0x68, 0x7D, 0x6F, 0x76, 0x76, 0x6E, 0x08, 
  0x76, 0x6E, 0x80, 0x65, 0x8A, 0x5C, 0x08, 0x8B, 0x8B, 0x05, 0xFB, 0x4D, 
  0x8B, 0x05, 0x8C, 0xD6, 0x9E, 0xCC, 0xB0, 0xC1, 0x08, 0xAF, 0xC1, 0xBC, 
  0xB4, 0xC9, 0xA8, 0x08, 0xC9, 0xA8, 0xD0, 0x99, 0xD8, 0x8B, 0x08, 0x8B, 
  0x8B, 0x05, 0xE0, 0x8B, 0xD3, 0x7C, 0xC7, 0x6C, 0x08, 0xC6, 0x6C, 0xB9, 
  0x60, 0xAA, 0x52, 0x08, 0xAA, 0x52, 0x9B, 0x47, 0x8B, 0x3D, 0x08, 0x8B, 
  0x8B, 0x05, 0x8B, 0x4F, 0x7F, 0x54, 0x73, 0x59, 0x08, 0x72, 0x58, 0x6C, 
  0x5C, 0x65, 0x5F, 0x08, 0x65, 0x5F, 0x63, 0x61, 0x60, 0x63, 0x08, 0x8B, 
  0x8B, 0x05, 0x66, 0x69, 0x73, 0x65, 0x7E, 0x60, 0x08, 0x7E, 0x60, 0x85, 
  0x5D, 0x8B, 0x5A, 0x08, 0xFB, 0x56, 0xFB, 0xD1, 0x15, 0x8B, 0x8B, 0x05, 
  0x8B, 0xA9, 0x94, 0xA4, 0x9E, 0xA0, 0x08, 0x9E, 0xA0, 0xA6, 0x95, 0xAE, 
  0x8B, 0x08, 0x8B, 0x8B, 0x05, 0xAF, 0x8B, 0xA6, 0x81, 0x9E, 0x76, 0x08, 
  0x9E, 0x76, 0x94, 0x72, 0x8B, 0x6D, 0x08, 0x8B, 0x8B, 0x05, 0x8B, 0x6E, 
  0x82, 0x73, 0x78, 0x76, 0x08, 0x78, 0x76, 0x70, 0x81, 0x67, 0x8B, 0x08, 
  0x8B, 0x8B, 0x05, 0x68, 0x8B, 0x70, 0x95, 0x78, 0xA0, 0x08, 0x78, 0xA0, 
  0x82, 0xA3, 0x8B, 0xA8, 0x08, 0x0E, 0x1C, 0x07, 0x2F, 0x1C, 0x06, 0xC8, 
  0xF8, 0x8B, 0x15, 0x8B, 0x8B, 0x05, 0x88, 0x4E, 0x82, 0x4D, 0x7B, 0x4E, 
  0x08, 0x7B, 0x4D, 0x73, 0x52, 0x6B, 0x58, 0x08, 0x6B, 0x58, 0x61, 0x62, 
  0x59, 0x6C, 0x08, 0x58, 0x6C, 0x4D, 0x7B, 0x43, 0x8B, 0x08, 0x8B, 0x8B, 
  0x05, 0x5D, 0x8B, 0x63, 0x93, 0x69, 0x9C, 0x08, 0x68, 0x9B, 0x6F, 0xA2, 
  0x76, 0xAA, 0x08, 0x75, 0xAA, 0x7C, 0xB0, 0x83, 0xB6, 0x08, 0x82, 0xB6, 
  0x8A, 0xBC, 0x90, 0xC0, 0x08, 0x8B, 0x8B, 0x05, 0xBE, 0xF8, 0xBE, 0x05, 
  0xF7, 0x27, 0x8B, 0x05, 0x58, 0xFC, 0xBE, 0x05, 0x87, 0x5A, 0x8C, 0x64, 
  0x92, 0x6C, 0x08, 0x91, 0x6C, 0x95, 0x74, 0x98, 0x7B, 0x08, 0x98, 0x7A, 
  0x9B, 0x80, 0x9C, 0x85, 0x08, 0x9C, 0x85, 0x9B, 0x88, 0x9B, 0x8B, 0x08, 
  0x8B, 0x8B, 0x05, 0xB3, 0x8B, 0xAF, 0x96, 0xAA, 0xA0, 0x08, 0xAA, 0xA0, 
  0xA6, 0xA8, 0xA1, 0xB0, 0x08, 0xA0, 0xB0, 0x9C, 0xB6, 0x97, 0xBC, 0x08, 
  0x97, 0xBC, 0x92, 0xBF, 0x8E, 0xC3, 0x08, 0x8B, 0x8B, 0x05, 0x90, 0xEE, 
  0x86, 0xE7, 0x7E, 0xDE, 0x08, 0x7D, 0xDE, 0x74, 0xD5, 0x6B, 0xCC, 0x08, 
  0x6A, 0xCC, 0x61, 0xC1, 0x57, 0xB8, 0x08, 0x57, 0xB8, 0x4D, 0xAD, 0x43, 
  0xA2, 0x08, 0x43, 0xA2, 0x39, 0x97, 0x2E, 0x8B, 0x08, 0x8B, 0x8B, 0x05, 
  0x37, 0x8B, 0x3D, 0x7E, 0x45, 0x72, 0x08, 0x44, 0x71, 0x4B, 0x66, 0x53, 
  0x5B, 0x08, 0x52, 0x5B, 0x5B, 0x51, 0x63, 0x48, 0x08, 0x62, 0x48, 0x6C, 
  0x3F, 0x74, 0x37, 0x08, 0x74, 0x36, 0x7D, 0x30, 0x87, 0x2A, 0x08, 0x8B, 
  0x8B, 0x05, 0x86, 0x27, 0x91, 0x2F, 0x9A, 0x38, 0x08, 0x9A, 0x37, 0xA4, 
  0x40, 0xAE, 0x4A, 0x08, 0xAD, 0x49, 0xB6, 0x53, 0xC0, 0x5E, 0x08, 0xC0, 
  0x5D, 0xC8, 0x68, 0xD0, 0x74, 0x08, 0xD0, 0x73, 0xD9, 0x7F, 0xE0, 0x8B, 
  0x08, 0x8B, 0x8B, 0x05, 0xC6, 0x8B, 0xC6, 0x92, 0xC8, 0x99, 0x08, 0xC7, 
  0x99, 0xBD, 0x9E, 0xB4, 0xA3, 0x08, 0x8B, 0x8B, 0x05, 0xB1, 0xFB, 0x06, 
  0x05, 0x5C, 0x6D, 0x51, 0x75, 0x46, 0x7C, 0x08, 0x45, 0x7C, 0x49, 0x84, 
  0x4D, 0x8B, 0x08, 0x8B, 0x8B, 0x05, 0x26, 0x8B, 0x2E, 0x99, 0x38, 0xA7, 
  0x08, 0x37, 0xA6, 0x41, 0xB4, 0x4B, 0xC0, 0x08, 0x4A, 0xC0, 0x56, 0xCB, 
  0x60, 0xD7, 0x08, 0x60, 0xD6, 0x6C, 0xE1, 0x77, 0xEC, 0x08, 0x77, 0xEC, 
  0x83, 0xF4, 0x90, 0xF7, 0x07, 0x08, 0x8B, 0x8B, 0x05, 0x90, 0xF7, 0x01, 
  0x9B, 0xF2, 0xA8, 0xEC, 0x08, 0xA7, 0xEC, 0xB2, 0xE2, 0xBC, 0xDA, 0x08, 
  0xBC, 0xDA, 0xC6, 0xCF, 0xD0, 0xC4, 0x08, 0xCF, 0xC4, 0xD8, 0xB6, 0xE1, 
  0xAA, 0x08, 0xE0, 0xAA, 0xE8, 0x9A, 0xF0, 0x8B, 0x08, 0x8B, 0x8B, 0x05, 
  0xF2, 0x8B, 0xE8, 0x7D, 0xDE, 0x6F, 0x08, 0xDE, 0x6F, 0xD5, 0x63, 0xCA, 
  0x56, 0x08, 0xCA, 0x56, 0xBF, 0x4B, 0xB4, 0x3F, 0x08, 0xB4, 0x3F, 0xAA, 
  0x35, 0x9E, 0x2B, 0x08, 0x9E, 0x2B, 0x92, 0x22, 0x86, 0xFB, 0x05, 0x08, 
  0xFE, 0x97, 0x36, 0x15, 0x8B, 0x8B, 0x05, 0x86, 0x5C, 0x8B, 0x62, 0x90, 
  0x66, 0x08, 0x90, 0x66, 0x94, 0x6C, 0x98, 0x72, 0x08, 0x98, 0x72, 0x9D, 
  0x78, 0xA1, 0x7E, 0x08, 0xA0, 0x7E, 0xA5, 0x84, 0xA8, 0x8B, 0x08, 0x8B, 
  0x8B, 0x05, 0x9E, 0x8B, 0xA0, 0x90, 0xA0, 0x95, 0x08, 0xA0, 0x94, 0xA0, 
  0x9A, 0xA0, 0xA0, 0x08, 0xA0, 0xA0, 0x9E, 0xA6, 0x9D, 0xAC, 0x08, 0x9D, 
  0xAC, 0x9A, 0xB3, 0x97, 0xBA, 0x08, 0x8B, 0x8B, 0x05, 0xCD, 0x43, 0x05, 
  0x7C, 0x54, 0x77, 0x5B, 0x73, 0x62, 0x08, 0x72, 0x62, 0x70, 0x68, 0x6D, 
  0x6F, 0x08, 0x6D, 0x6F, 0x6B, 0x76, 0x6A, 0x7D, 0x08, 0x69, 0x7C, 0x69, 
  0x84, 0x68, 0x8B, 0x08, 0x8B, 0x8B, 0x05, 0x5A, 0x8B, 0x61, 0x96, 0x66, 
  0xA0, 0x08, 0x66, 0xA0, 0x6E, 0xA8, 0x74, 0xB2, 0x08, 0x74, 0xB2, 0x7C, 
  0xB9, 0x82, 0xC1, 0x08, 0x82, 0xC0, 0x89, 0xC7, 0x91, 0xCD, 0x08, 0x8B, 
  0x8B, 0x05, 0x91, 0xD1, 0x97, 0xCC, 0x9E, 0xC6, 0x08, 0x9E, 0xC6, 0xA2, 
  0xC0, 0xA7, 0xBA, 0x08, 0xA6, 0xBA, 0xAB, 0xB2, 0xAE, 0xAC, 0x08, 0xAE, 
  0xAC, 0xB0, 0xA4, 0xB2, 0x9C, 0x08, 0xB2, 0x9C, 0xB4, 0x93, 0xB4, 0x8B, 
  0x08, 0x8B, 0x8B, 0x05, 0xD3, 0x8B, 0xC4, 0x81, 0xB4, 0x76, 0x08, 0xB4, 
  0x76, 0xB3, 0x72, 0xB0, 0x6E, 0x08, 0x8B, 0x8B, 0x05, 0x36, 0x28, 0x05, 
  0x78, 0x9E, 0x71, 0x9C, 0x6C, 0x9B, 0x08, 0x6C, 0x9B, 0x66, 0x93, 0x60, 
  0x8B, 0x08, 0x8B, 0x8B, 0x05, 0x66, 0x8B, 0x69, 0x82, 0x6B, 0x78, 0x08, 
  0x6B, 0x78, 0x6E, 0x6F, 0x72, 0x66, 0x08, 0x71, 0x66, 0x75, 0x5D, 0x7A, 
  0x54, 0x08, 0x7A, 0x54, 0x7F, 0x4A, 0x84, 0x42, 0x08, 0x0E, 0xF8, 0xB3, 
  0xF7, 0x27, 0x1C, 0x06, 0x80, 0x15, 0xF8, 0x0C, 0x8B, 0x05, 0x8B, 0xFB, 
  0x2C, 0x05, 0xFB, 0x53, 0x8B, 0x05, 0x8B, 0x1C, 0xF9, 0x78, 0x05, 0xF7, 
  0x53, 0x8B, 0x05, 0x8B, 0xFB, 0x2C, 0x05, 0xFC, 0x0C, 0x8B, 0x05, 0x8B, 
  0x1C, 0x07, 0xB8, 0x05, 0x0E, 0xF9, 0xDD, 0xF9, 0xCD, 0xFB, 0x11, 0x15, 
  0xFB, 0x44, 0x8B, 0x05, 0xFC, 0xF4, 0x1C, 0x06, 0x2D, 0x05, 0xF7, 0x44, 
  0x8B, 0x05, 0xF8, 0xF4, 0x1C, 0xF9, 0xD3, 0x05, 0x0E, 0xF8, 0xB3, 0xF7, 
  0x5E, 0x1C, 0x05, 0xE8, 0x15, 0xFB, 0x54, 0x8B, 0x05, 0x8B, 0xF7, 0x2C, 
  0x05, 0xF8, 0x0E, 0x8B, 0x05, 0x8B, 0x1C, 0xF8, 0x48, 0x05, 0xFC, 0x0E, 
  0x8B, 0x05, 0x8B, 0xF7, 0x2C, 0x05, 0xF7, 0x54, 0x8B, 0x05, 0x8B, 0x1C, 
  0x06, 0x88, 0x05, 0x0E, 0xF9, 0xEC, 0xF8, 0x6F, 0x1C, 0x05, 0xB0, 0x15, 
  0x67, 0xFB, 0x6A, 0x05, 0xFB, 0x5F, 0xFC, 0x95, 0x05, 0xFB, 0x40, 0x8B, 
  0x05, 0xF7, 0xBF, 0xF9, 0x6B, 0x05, 0xF7, 0x04, 0x8B, 0x05, 0xF7, 0xCE, 
  0xFD, 0x6B, 0x15, 0xFB, 0x40, 0x8B, 0x05, 0xFB, 0x5E, 0xF8, 0x95, 0x05, 
  0x66, 0xF7, 0x6A, 0x05, 0xF7, 0x05, 0x8B, 0x05, 0xF7, 0xBE, 0xFD, 0x6B, 
  0x05, 0x0E, 0xFA, 0x30, 0x8F, 0x8B, 0x15, 0xFA, 0x29, 0x8B, 0x05, 0x8B, 
  0xFB, 0x2C, 0x05, 0xFE, 0x29, 0x8B, 0x05, 0x8B, 0xF7, 0x2C, 0x05, 0x0E, 
  0xF9, 0x0D, 0xC4, 0x1C, 0x06, 0x00, 0x15, 0xF7, 0x74, 0x8B, 0x05, 0xF7, 
  0x55, 0xFB, 0xBA, 0x05, 0xFB, 0x33, 0x8B, 0x05, 0xFB, 0x96, 0xF7, 0xBA, 
  0x05, 0x0E, 0xF9, 0x49, 0xF9, 0x0C, 0x1C, 0x06, 0x3D, 0x15, 0x8B, 0x8B, 
  0x05, 0xB2, 0xFB, 0x06, 0x05, 0x3C, 0x72, 0x54, 0x5F, 0x6D, 0x4C, 0x08, 
  0x6D, 0x4B, 0x7C, 0x42, 0x8B, 0x39, 0x08, 0x8B, 0x8B, 0x05, 0x8B, 0xFB, 
  0x63, 0x05, 0x8B, 0x48, 0x7E, 0x4F, 0x70, 0x55, 0x08, 0x70, 0x54, 0x60, 
  0x60, 0x51, 0x6B, 0x08, 0x50, 0x6B, 0x3F, 0x7B, 0x2C, 0x8B, 0x08, 0x8B, 
  0x8B, 0x05, 0x8B, 0xF7, 0x0E, 0x05, 0xD6, 0x8B, 0xC2, 0xA0, 0xAC, 0xB6, 
  0x08, 0xAC, 0xB6, 0x9B, 0xC4, 0x8B, 0xD4, 0x08, 0x8B, 0x8B, 0x05, 0x8B, 
  0xF7, 0x63, 0x05, 0x8B, 0xD1, 0x96, 0xCD, 0xA1, 0xC8, 0x08, 0xA0, 0xC8, 
  0xB0, 0xC0, 0xBF, 0xBA, 0x08, 0xBE, 0xB9, 0xD2, 0xAF, 0xE6, 0xA4, 0x08, 
  0xB2, 0x1C, 0xF8, 0xC8, 0x15, 0x8B, 0x8B, 0x05, 0x64, 0xFB, 0x07, 0x05, 
  0x30, 0xA5, 0x44, 0xAF, 0x58, 0xB9, 0x08, 0x57, 0xB9, 0x66, 0xC1, 0x76, 
  0xC8, 0x08, 0x75, 0xC8, 0x80, 0xCC, 0x8B, 0xD1, 0x08, 0x8B, 0x8B, 0x05, 
  0x8B, 0xF7, 0x62, 0x05, 0x8B, 0xBC, 0x84, 0xB5, 0x7C, 0xAE, 0x08, 0x7C, 
  0xAE, 0x75, 0xA7, 0x6C, 0x9F, 0x08, 0x6C, 0x9E, 0x62, 0x95, 0x59, 0x8B, 
  0x08, 0x8B, 0x8B, 0x05, 0x8B, 0xF7, 0x0E, 0x05, 0xEA, 0x8B, 0xD7, 0x7B, 
  0xC6, 0x6B, 0x08, 0xC5, 0x6B, 0xB6, 0x60, 0xA6, 0x55, 0x08, 0xA6, 0x54, 
  0x98, 0x4E, 0x8B, 0x48, 0x08, 0x8B, 0x8B, 0x05, 0x8B, 0xFB, 0x62, 0x05, 
  0x8B, 0x54, 0x92, 0x59, 0x98, 0x5C, 0x08, 0x98, 0x5C, 0xA0, 0x63, 0xAA, 
  0x69, 0x08, 0xA9, 0x68, 0xB4, 0x72, 0xC0, 0x7A, 0x08, 0x0E, 0xF8, 0x88, 
  0xF7, 0x44, 0x1C, 0x05, 0xB0, 0x15, 0xF7, 0x29, 0x8B, 0x05, 0x8B, 0x1C, 
  0xF9, 0x42, 0x05, 0xFB, 0x29, 0x8B, 0x05, 0x8B, 0x1C, 0x06, 0xBE, 0x05, 
  0x0E, 0xF9, 0x49, 0x9F, 0x1C, 0x05, 0xCB, 0x15, 0x8B, 0x8B, 0x05, 0xB2, 
  0xF7, 0x06, 0x05, 0xE6, 0x72, 0xD3, 0x67, 0xBF, 0x5D, 0x08, 0xBE, 0x5C, 
  0xB0, 0x56, 0xA0, 0x4E, 0x08, 0xA0, 0x4E, 0x96, 0x49, 0x8B, 0x45, 0x08, 
  0x8B, 0x8B, 0x05, 0x8B, 0xFB, 0x63, 0x05, 0x8B, 0x5B, 0x92, 0x61, 0x9A, 
  0x68, 0x08, 0x9A, 0x67, 0xA2, 0x6F, 0xAA, 0x78, 0x08, 0xAA, 0x78, 0xB3, 
  0x81, 0xBD, 0x8B, 0x08, 0x8B, 0x8B, 0x05, 0x8B, 0xFB, 0x05, 0x05, 0x2D, 
  0x8B, 0x3F, 0x9A, 0x50, 0xAA, 0x08, 0x50, 0xA9, 0x61, 0xB5, 0x70, 0xC0, 
  0x08, 0x70, 0xC0, 0x7D, 0xC6, 0x8B, 0xCE, 0x08, 0x8B, 0x8B, 0x05, 0x8B, 
  0xF7, 0x63, 0x05, 0x8B, 0xC2, 0x85, 0xBE, 0x7E, 0xBA, 0x08, 0x7E, 0xBA, 
  0x76, 0xB3, 0x6D, 0xAE, 0x08, 0x6C, 0xAD, 0x61, 0xA4, 0x56, 0x9C, 0x08, 
  0xB2, 0x1C, 0xF8, 0xC7, 0x15, 0x8B, 0x8B, 0x05, 0x64, 0xF7, 0x07, 0x05, 
  0xC0, 0x9C, 0xB4, 0xA4, 0xAA, 0xAE, 0x08, 0xA9, 0xAD, 0xA1, 0xB3, 0x98, 
  0xBA, 0x08, 0x98, 0xBA, 0x91, 0xBD, 0x8B, 0xC2, 0x08, 0x8B, 0x8B, 0x05, 
  0x8B, 0xF7, 0x62, 0x05, 0x8B, 0xCE, 0x99, 0xC7, 0xA6, 0xC0, 0x08, 0xA6, 
  0xC0, 0xB5, 0xB4, 0xC6, 0xAA, 0x08, 0xC6, 0xA9, 0xD7, 0x9A, 0xE9, 0x8B, 
  0x08, 0x8B, 0x8B, 0x05, 0x8B, 0xFB, 0x04, 0x05, 0x40, 0x8B, 0x55, 0x76, 
  0x6A, 0x60, 0x08, 0x6A, 0x60, 0x7A, 0x51, 0x8B, 0x42, 0x08, 0x8B, 0x8B, 
  0x05, 0x8B, 0xFB, 0x62, 0x05, 0x8B, 0x45, 0x80, 0x4A, 0x76, 0x4E, 0x08, 
  0x76, 0x4E, 0x66, 0x55, 0x58, 0x5D, 0x08, 0x57, 0x5D, 0x43, 0x67, 0x30, 
  0x71, 0x08, 0x0E, 0x1C, 0x05, 0x71, 0xFA, 0xEB, 0xF9, 0x9D, 0x15, 0x8B, 
  0x8B, 0x05, 0xF7, 0x2C, 0x8C, 0x05, 0x8B, 0x58, 0x83, 0x5A, 0x7C, 0x5E, 
  0x08, 0x7B, 0x5E, 0x75, 0x63, 0x6E, 0x69, 0x08, 0x6E, 0x68, 0x68, 0x70, 
  0x64, 0x78, 0x08, 0x63, 0x77, 0x5F, 0x81, 0x5C, 0x8B, 0x08, 0x8B, 0x8B, 
  0x05, 0x51, 0x8B, 0x58, 0x97, 0x5F, 0xA2, 0x08, 0x5E, 0xA2, 0x5B, 0xAE, 
  0x57, 0xB8, 0x08, 0x8B, 0x8B, 0x05, 0x69, 0xAA, 0x6C, 0xA4, 0x6E, 0x9C, 
  0x08, 0x6E, 0x9C, 0x6C, 0x94, 0x6A, 0x8B, 0x08, 0x8B, 0x8B, 0x05, 0x69, 
  0x8B, 0x6E, 0x83, 0x73, 0x7B, 0x08, 0x73, 0x7A, 0x79, 0x74, 0x7E, 0x6D, 
  0x08, 0x7E, 0x6D, 0x84, 0x67, 0x8B, 0x61, 0x08, 0x8B, 0x8B, 0x05, 0xFB, 
  0x35, 0x89, 0x05, 0x8B, 0xBF, 0x93, 0xBB, 0x9B, 0xB8, 0x08, 0x9A, 0xB8, 
  0xA1, 0xB2, 0xA8, 0xAC, 0x08, 0xA8, 0xAC, 0xAD, 0xA5, 0xB3, 0x9E, 0x08, 
  0xB2, 0x9D, 0xB7, 0x94, 0xBA, 0x8B, 0x08, 0x8B, 0x8B, 0x05, 0xC6, 0x8B, 
  0xBF, 0x7F, 0xB9, 0x72, 0x08, 0xB8, 0x72, 0xBA, 0x69, 0xBC, 0x60, 0x08, 
  0x8B, 0x8B, 0x05, 0xB0, 0x6A, 0xAB, 0x72, 0xA7, 0x7B, 0x08, 0xA6, 0x7A, 
  0xA9, 0x83, 0xAC, 0x8B, 0x08, 0x8B, 0x8B, 0x05, 0xAE, 0x8B, 0xA9, 0x94, 
  0xA5, 0x9D, 0x08, 0xA4, 0x9D, 0x9F, 0xA4, 0x9A, 0xAB, 0x08, 0x99, 0xAB, 
  0x92, 0xB0, 0x8B, 0xB4, 0x08, 0x0E, 0x00, 0x00, 0x03, 0x8C, 0x00, 0x64, 
  0x01, 0xFC, 0x00, 0x00, 0x04, 0x7F, 0x00, 0x73, 0x04, 0x7F, 0x00, 0xAB, 
  0x04, 0x7F, 0x00, 0x5E, 0x04, 0x7F, 0x00, 0x5F, 0x04, 0x7F, 0x00, 0x35, 
  0x04, 0x7F, 0x00, 0x9A, 0x04, 0x7F, 0x00, 0x85, 0x04, 0x7F, 0x00, 0x4E, 
  0x04, 0x7F, 0x00, 0x71, 0x04, 0x7F, 0x00, 0x64, 0x05, 0x38, 0x00, 0x1D, 
  0x04, 0xFC, 0x00, 0xA9, 0x05, 0x35, 0x00, 0x78, 0x05, 0x40, 0x00, 0xA9, 
  0x04, 0x8C, 0x00, 0xA9, 0x04, 0x6C, 0x00, 0xA9, 0x05, 0x73, 0x00, 0x7A, 
  0x05, 0xB5, 0x00, 0xA9, 0x02, 0x2D, 0x00, 0xB7, 0x04, 0x6A, 0x00, 0x35, 
  0x05, 0x05, 0x00, 0xA9, 0x04, 0x4F, 0x00, 0xA9, 0x06, 0xFC, 0x00, 0xA9, 
  0x05, 0xB5, 0x00, 0xA9, 0x05, 0x81, 0x00, 0x77, 0x05, 0x0C, 0x00, 0xA9, 
  0x05, 0x81, 0x00, 0x6E, 0x04, 0xEE, 0x00, 0xA9, 0x04, 0xC0, 0x00, 0x51, 
  0x04, 0xC6, 0x00, 0x32, 0x05, 0x30, 0x00, 0x8C, 0x05, 0x18, 0x00, 0x1D, 
  0x07, 0x19, 0x00, 0x3D, 0x05, 0x04, 0x00, 0x3A, 0x04, 0xCE, 0x00, 0x0F, 
  0x04, 0xCB, 0x00, 0x57, 0x04, 0x5A, 0x00, 0x6D, 0x04, 0x7E, 0x00, 0x8C, 
  0x04, 0x30, 0x00, 0x5D, 0x04, 0x83, 0x00, 0x5F, 0x04, 0x3E, 0x00, 0x5D, 
  0x02, 0xC8, 0x00, 0x3D, 0x04, 0x7E, 0x00, 0x61, 0x04, 0x68, 0x00, 0x8D, 
  0x01, 0xF2, 0x00, 0x8E, 0x01, 0xEA, 0xFF, 0xBE, 0x04, 0x0E, 0x00, 0x8D, 
  0x01, 0xF2, 0x00, 0x9C, 0x07, 0x04, 0x00, 0x8B, 0x04, 0x6B, 0x00, 0x8D, 
  0x04, 0x90, 0x00, 0x5C, 0x04, 0x7E, 0x00, 0x8C, 0x04, 0x8C, 0x00, 0x5F, 
  0x02, 0xB6, 0x00, 0x8D, 0x04, 0x21, 0x00, 0x5F, 0x02, 0x9E, 0x00, 0x09, 
  0x04, 0x69, 0x00, 0x89, 0x03, 0xE0, 0x00, 0x21, 0x06, 0x03, 0x00, 0x2B, 
  0x03, 0xF8, 0x00, 0x2A, 0x03, 0xC9, 0x00, 0x16, 0x03, 0xF8, 0x00, 0x59, 
  0x02, 0x10, 0x00, 0xA1, 0x02, 0x90, 0x00, 0x89, 0x04, 0xED, 0x00, 0x77, 
  0x04, 0x7F, 0x00, 0x6E, 0x05, 0xDC, 0x00, 0x69, 0x04, 0xFA, 0x00, 0x66, 
  0x01, 0x66, 0x00, 0x68, 0x02, 0xBD, 0x00, 0x86, 0x02, 0xC9, 0x00, 0x27, 
  0x03, 0x72, 0x00, 0x1C, 0x04, 0x8A, 0x00, 0x4E, 0x01, 0x93, 0x00, 0x1D, 
  0x02, 0x36, 0x00, 0x26, 0x02, 0x1C, 0x00, 0x90, 0x03, 0x4D, 0x00, 0x13, 
  0x01, 0xF0, 0x00, 0x85, 0x01, 0xB1, 0x00, 0x29, 0x04, 0x11, 0x00, 0x48, 
  0x04, 0x64, 0x00, 0x98, 0x04, 0x2F, 0x00, 0x87, 0x03, 0xC8, 0x00, 0x4B, 
  0x07, 0x2F, 0x00, 0x6D, 0x02, 0x1F, 0x00, 0x93, 0x03, 0x49, 0x00, 0x29, 
  0x02, 0x1F, 0x00, 0x0A, 0x03, 0x58, 0x00, 0x40, 0x03, 0x9C, 0x00, 0x04, 
  0x02, 0x79, 0x00, 0x39, 0x02, 0xB5, 0x00, 0x40, 0x01, 0xF4, 0x00, 0xB0, 
  0x02, 0xB5, 0x00, 0x14, 0x05, 0x71, 0x00, 0x83, 
};

#endif